lat,lon,Altitude,Speed,UTC
55.981304,37.431149,0,2,2026-04-22T06:46:56Z
55.979927,37.433361,0,3,2026-04-22T06:55:58Z
55.977711,37.439804,0,0,2026-04-22T07:01:48Z
55.961742,37.350166,3100,159,2026-04-22T07:04:07Z
55.959652,37.338657,3325,158,2026-04-22T07:04:15Z
55.957588,37.326904,3525,161,2026-04-22T07:04:25Z
55.955761,37.316883,3775,164,2026-04-22T07:04:32Z
55.955479,37.314617,3875,90,2026-04-22T07:04:35Z
55.955017,37.31184,3925,174,2026-04-22T07:04:37Z
55.95454,37.308659,4000,168,2026-04-22T07:04:39Z
55.954128,37.305805,4075,100,2026-04-22T07:04:41Z
55.953415,37.302013,4175,100,2026-04-22T07:04:44Z
55.952797,37.297745,4250,130,2026-04-22T07:04:48Z
55.952423,37.294659,4300,170,2026-04-22T07:04:50Z
55.951206,37.286297,4375,150,2026-04-22T07:04:55Z
55.95092,37.283855,4400,182,2026-04-22T07:04:57Z
55.950344,37.280231,4425,178,2026-04-22T07:04:59Z
55.94986,37.277229,4450,120,2026-04-22T07:05:02Z
55.949493,37.274422,4475,60,2026-04-22T07:05:04Z
55.948917,37.269905,4500,190,2026-04-22T07:05:06Z
55.948364,37.265995,4525,210,2026-04-22T07:05:08Z
55.948105,37.26405,4550,110,2026-04-22T07:05:10Z
55.947624,37.260685,4575,208,2026-04-22T07:05:12Z
55.946949,37.256336,4600,210,2026-04-22T07:05:14Z
55.946445,37.253429,4625,221,2026-04-22T07:05:17Z
55.945957,37.249771,4675,215,2026-04-22T07:05:19Z
55.945282,37.245239,4700,222,2026-04-22T07:05:21Z
55.944714,37.24157,4725,100,2026-04-22T07:05:23Z
55.944241,37.2384,4775,226,2026-04-22T07:05:25Z
55.943607,37.234108,4800,229,2026-04-22T07:05:27Z
55.942986,37.229736,4875,229,2026-04-22T07:05:30Z
55.942074,37.224274,4900,228,2026-04-22T07:05:32Z
55.941898,37.221523,4975,232,2026-04-22T07:05:34Z
55.941204,37.217659,5050,239,2026-04-22T07:05:36Z
55.940563,37.212578,5100,240,2026-04-22T07:05:38Z
55.939945,37.207783,5200,210,2026-04-22T07:05:41Z
55.939217,37.204021,5250,258,2026-04-22T07:05:43Z
55.938004,37.196278,5425,200,2026-04-22T07:05:47Z
55.937046,37.187771,5600,240,2026-04-22T07:05:51Z
55.936275,37.183773,5675,259,2026-04-22T07:05:53Z
55.935871,37.179394,5775,250,2026-04-22T07:05:55Z
55.934967,37.174774,5900,248,2026-04-22T07:05:57Z
55.934299,37.16938,5975,270,2026-04-22T07:05:59Z
55.933708,37.166256,6075,263,2026-04-22T07:06:02Z
55.932709,37.16013,6150,260,2026-04-22T07:06:04Z
55.932076,37.157135,6225,80,2026-04-22T07:06:06Z
55.93187,37.152618,6325,70,2026-04-22T07:06:08Z
55.931126,37.1479,6400,270,2026-04-22T07:06:10Z
55.930405,37.14304,6500,284,2026-04-22T07:06:12Z
55.929356,37.138721,6650,80,2026-04-22T07:06:14Z
55.929016,37.133831,6750,180,2026-04-22T07:06:17Z
55.927891,37.129154,6900,280,2026-04-22T07:06:19Z
55.927338,37.123196,7025,230,2026-04-22T07:06:21Z
55.926365,37.116238,7250,269,2026-04-22T07:06:25Z
55.925419,37.110592,7350,269,2026-04-22T07:06:27Z
55.924866,37.106468,7475,272,2026-04-22T07:06:29Z
55.924294,37.102066,7575,278,2026-04-22T07:06:32Z
55.923534,37.096756,7675,279,2026-04-22T07:06:34Z
55.922642,37.091064,7775,276,2026-04-22T07:06:36Z
55.921989,37.088074,7925,253,2026-04-22T07:06:38Z
55.92144,37.082561,8025,180,2026-04-22T07:06:40Z
55.920708,37.078117,8175,282,2026-04-22T07:06:43Z
55.919956,37.073395,8300,268,2026-04-22T07:06:45Z
55.919273,37.068748,8450,275,2026-04-22T07:06:47Z
55.918663,37.064159,8600,276,2026-04-22T07:06:49Z
55.917877,37.058929,8750,272,2026-04-22T07:06:51Z
55.917088,37.053593,8875,272,2026-04-22T07:06:54Z
55.916454,37.048386,9000,267,2026-04-22T07:06:56Z
55.915848,37.042492,9100,264,2026-04-22T07:06:59Z
55.915726,37.039001,9175,264,2026-04-22T07:07:01Z
55.91563,37.033867,9250,274,2026-04-22T07:07:03Z
55.915684,37.028557,9350,268,2026-04-22T07:07:05Z
55.916058,37.022762,9425,275,2026-04-22T07:07:08Z
55.916626,37.018173,9500,278,2026-04-22T07:07:10Z
55.917355,37.0131,9625,280,2026-04-22T07:07:12Z
55.918186,37.008129,9700,280,2026-04-22T07:07:14Z
55.919022,37.003403,9800,280,2026-04-22T07:07:17Z
55.919987,36.998398,9950,280,2026-04-22T07:07:19Z
55.921104,36.993259,10075,280,2026-04-22T07:07:21Z
55.922249,36.987503,10225,280,2026-04-22T07:07:24Z
55.923244,36.982498,10350,280,2026-04-22T07:07:26Z
55.924343,36.977013,10475,280,2026-04-22T07:07:29Z
55.925484,36.971481,10600,282,2026-04-22T07:07:31Z
55.926575,36.966034,10675,282,2026-04-22T07:07:33Z
55.927536,36.961342,10750,286,2026-04-22T07:07:36Z
55.928497,36.956589,10800,286,2026-04-22T07:07:38Z
55.92963,36.95121,10850,292,2026-04-22T07:07:40Z
55.930683,36.945934,10900,292,2026-04-22T07:07:42Z
55.937035,36.914677,11150,312,2026-04-22T07:07:56Z
55.94381,36.882404,11425,324,2026-04-22T07:08:09Z
55.949226,36.861485,11725,330,2026-04-22T07:08:18Z
55.954384,36.844543,12000,332,2026-04-22T07:08:24Z
55.955978,36.839577,12075,336,2026-04-22T07:08:26Z
55.957798,36.834076,12150,336,2026-04-22T07:08:28Z
55.959473,36.829021,12225,338,2026-04-22T07:08:31Z
55.961227,36.823593,12300,338,2026-04-22T07:08:33Z
55.962883,36.818394,12375,342,2026-04-22T07:08:35Z
55.964561,36.813473,12475,342,2026-04-22T07:08:37Z
55.966602,36.807163,12550,344,2026-04-22T07:08:40Z
55.987995,36.73996,13750,350,2026-04-22T07:09:07Z
55.989681,36.733818,13850,350,2026-04-22T07:09:09Z
55.991287,36.728573,13925,352,2026-04-22T07:09:11Z
55.993111,36.722298,14025,352,2026-04-22T07:09:13Z
55.994858,36.716835,14125,354,2026-04-22T07:09:16Z
55.996731,36.710331,14225,354,2026-04-22T07:09:18Z
55.998089,36.705765,14275,354,2026-04-22T07:09:20Z
55.999733,36.700062,14400,354,2026-04-22T07:09:22Z
56.001312,36.694923,14475,356,2026-04-22T07:09:24Z
56.002842,36.690056,14550,356,2026-04-22T07:09:26Z
56.004539,36.684189,14650,356,2026-04-22T07:09:28Z
56.00631,36.678265,14725,358,2026-04-22T07:09:31Z
56.007942,36.672806,14800,358,2026-04-22T07:09:33Z
56.009731,36.666744,14900,360,2026-04-22T07:09:35Z
56.010994,36.662029,15000,360,2026-04-22T07:09:37Z
56.013191,36.655006,15100,362,2026-04-22T07:09:40Z
56.014591,36.649921,15175,362,2026-04-22T07:09:42Z
56.016376,36.644455,15275,362,2026-04-22T07:09:44Z
56.018379,36.638092,15375,362,2026-04-22T07:09:46Z
56.01997,36.632072,15475,362,2026-04-22T07:09:49Z
56.021961,36.626122,15575,364,2026-04-22T07:09:51Z
56.023712,36.619736,15675,364,2026-04-22T07:09:53Z
56.025585,36.613834,15750,364,2026-04-22T07:09:55Z
56.027489,36.607635,15825,364,2026-04-22T07:09:57Z
56.028965,36.602791,15925,366,2026-04-22T07:10:00Z
56.030643,36.597118,16025,366,2026-04-22T07:10:02Z
56.032433,36.591156,16125,366,2026-04-22T07:10:04Z
56.034016,36.585308,16225,366,2026-04-22T07:10:06Z
56.035824,36.579807,16300,366,2026-04-22T07:10:08Z
56.037102,36.574436,16400,366,2026-04-22T07:10:10Z
56.038967,36.568825,16500,366,2026-04-22T07:10:12Z
56.040653,36.563072,16600,368,2026-04-22T07:10:14Z
56.042561,36.556713,16675,368,2026-04-22T07:10:17Z
56.04409,36.551598,16775,368,2026-04-22T07:10:19Z
56.045826,36.545101,16850,368,2026-04-22T07:10:21Z
56.047607,36.539619,16975,368,2026-04-22T07:10:23Z
56.050041,36.529942,17050,368,2026-04-22T07:10:26Z
56.051178,36.527634,17150,368,2026-04-22T07:10:28Z
56.052761,36.522255,17250,370,2026-04-22T07:10:30Z
56.054649,36.515396,17325,370,2026-04-22T07:10:32Z
56.05648,36.509464,17400,370,2026-04-22T07:10:34Z
56.058483,36.502773,17475,370,2026-04-22T07:10:37Z
56.060116,36.496891,17575,370,2026-04-22T07:10:39Z
56.061741,36.490768,17675,372,2026-04-22T07:10:41Z
56.063786,36.484596,17750,374,2026-04-22T07:10:43Z
56.066166,36.47665,17825,374,2026-04-22T07:10:46Z
56.068207,36.469601,17925,376,2026-04-22T07:10:49Z
56.070297,36.462364,18000,376,2026-04-22T07:10:51Z
56.07188,36.456791,18100,378,2026-04-22T07:10:53Z
56.073402,36.451614,18150,378,2026-04-22T07:10:55Z
56.075058,36.445858,18225,378,2026-04-22T07:10:57Z
56.07695,36.43922,18325,378,2026-04-22T07:11:00Z
56.078724,36.433369,18400,378,2026-04-22T07:11:02Z
56.080696,36.427059,18475,380,2026-04-22T07:11:04Z
56.082321,36.420811,18550,380,2026-04-22T07:11:06Z
56.084297,36.414532,18625,382,2026-04-22T07:11:09Z
56.086205,36.40773,18700,382,2026-04-22T07:11:11Z
56.087841,36.401878,18800,382,2026-04-22T07:11:13Z
56.089859,36.394951,18900,382,2026-04-22T07:11:16Z
56.092384,36.386974,19000,384,2026-04-22T07:11:18Z
56.094501,36.379463,19075,384,2026-04-22T07:11:20Z
56.096195,36.373535,19150,384,2026-04-22T07:11:23Z
56.097885,36.36755,19250,384,2026-04-22T07:11:25Z
56.09951,36.36182,19350,384,2026-04-22T07:11:27Z
56.101528,36.354618,19450,384,2026-04-22T07:11:30Z
56.103828,36.346687,19550,384,2026-04-22T07:11:32Z
56.105576,36.340431,19625,386,2026-04-22T07:11:35Z
56.107571,36.333351,19725,386,2026-04-22T07:11:37Z
56.133083,36.242233,20750,394,2026-04-22T07:12:09Z
56.154411,36.164352,21550,402,2026-04-22T07:12:35Z
56.156204,36.157509,21625,404,2026-04-22T07:12:37Z
56.158504,36.150383,21700,404,2026-04-22T07:12:40Z
56.160591,36.142078,21775,404,2026-04-22T07:12:43Z
56.162331,36.135681,21825,406,2026-04-22T07:12:45Z
56.164188,36.128883,21925,406,2026-04-22T07:12:47Z
56.166508,36.120377,22000,406,2026-04-22T07:12:49Z
56.168205,36.11409,22075,406,2026-04-22T07:12:52Z
56.170151,36.106956,22150,406,2026-04-22T07:12:54Z
56.171963,36.100281,22200,406,2026-04-22T07:12:56Z
56.173676,36.094112,22275,408,2026-04-22T07:12:59Z
56.175961,36.085648,22350,408,2026-04-22T07:13:01Z
56.177601,36.079426,22425,408,2026-04-22T07:13:03Z
56.17857,36.074268,22475,410,2026-04-22T07:13:05Z
56.181034,36.066101,22550,410,2026-04-22T07:13:07Z
56.199322,35.996304,23250,414,2026-04-22T07:13:30Z
56.200993,35.989769,23300,414,2026-04-22T07:13:32Z
56.202858,35.983002,23375,414,2026-04-22T07:13:34Z
56.2047,35.976185,23425,414,2026-04-22T07:13:36Z
56.207012,35.967186,23500,414,2026-04-22T07:13:38Z
56.207993,35.962521,23575,416,2026-04-22T07:13:41Z
56.210091,35.953854,23650,416,2026-04-22T07:13:43Z
56.21244,35.946209,23700,416,2026-04-22T07:13:46Z
56.214268,35.939491,23775,416,2026-04-22T07:13:48Z
56.215752,35.93338,23825,418,2026-04-22T07:13:50Z
56.21841,35.923603,23900,418,2026-04-22T07:13:53Z
56.220547,35.916039,23950,416,2026-04-22T07:13:56Z
56.22295,35.908192,24025,416,2026-04-22T07:13:58Z
56.224529,35.9034,24075,416,2026-04-22T07:14:00Z
56.227013,35.896576,24125,414,2026-04-22T07:14:02Z
56.229408,35.890213,24150,414,2026-04-22T07:14:04Z
56.23185,35.885727,24200,414,2026-04-22T07:14:07Z
56.235039,35.878681,24275,412,2026-04-22T07:14:09Z
56.237629,35.873386,24300,412,2026-04-22T07:14:11Z
56.240566,35.868065,24350,412,2026-04-22T07:14:13Z
56.243855,35.862347,24425,410,2026-04-22T07:14:16Z
56.247082,35.857002,24475,410,2026-04-22T07:14:18Z
56.2523,35.851334,24525,408,2026-04-22T07:14:21Z
56.2565,35.845642,24575,408,2026-04-22T07:14:24Z
56.258915,35.843079,24625,408,2026-04-22T07:14:26Z
56.262947,35.837303,24700,408,2026-04-22T07:14:28Z
56.267483,35.832745,24750,408,2026-04-22T07:14:31Z
56.27037,35.829906,24800,408,2026-04-22T07:14:34Z
56.275558,35.822018,24850,410,2026-04-22T07:14:36Z
56.279015,35.818424,24925,410,2026-04-22T07:14:38Z
56.282124,35.815033,25000,410,2026-04-22T07:14:41Z
56.286175,35.810081,25050,410,2026-04-22T07:14:43Z
56.289635,35.806007,25125,410,2026-04-22T07:14:45Z
56.293213,35.80159,25200,410,2026-04-22T07:14:47Z
56.297863,35.797157,25275,410,2026-04-22T07:14:49Z
56.300137,35.792049,25375,410,2026-04-22T07:14:52Z
56.30386,35.789436,25475,410,2026-04-22T07:14:54Z
56.307163,35.784588,25550,408,2026-04-22T07:14:56Z
56.311047,35.780964,25650,408,2026-04-22T07:14:59Z
56.314487,35.775558,25750,408,2026-04-22T07:15:01Z
56.318401,35.772064,25850,408,2026-04-22T07:15:03Z
56.322891,35.766472,25950,406,2026-04-22T07:15:05Z
56.324814,35.764591,26050,406,2026-04-22T07:15:07Z
56.328358,35.759968,26150,404,2026-04-22T07:15:10Z
56.333015,35.754997,26300,404,2026-04-22T07:15:12Z
56.336525,35.752708,26425,402,2026-04-22T07:15:14Z
56.340187,35.748447,26525,400,2026-04-22T07:15:16Z
56.341671,35.743107,26650,398,2026-04-22T07:15:18Z
56.345291,35.739594,26750,398,2026-04-22T07:15:21Z
56.34808,35.735706,26875,398,2026-04-22T07:15:23Z
56.350883,35.732891,26975,396,2026-04-22T07:15:25Z
56.355282,35.726696,27075,394,2026-04-22T07:15:27Z
56.358063,35.723267,27175,394,2026-04-22T07:15:29Z
56.361286,35.719406,27300,392,2026-04-22T07:15:31Z
56.36438,35.715916,27400,392,2026-04-22T07:15:33Z
56.368015,35.711105,27475,392,2026-04-22T07:15:36Z
56.371735,35.707012,27575,390,2026-04-22T07:15:38Z
56.374935,35.703014,27675,390,2026-04-22T07:15:40Z
56.378551,35.69854,27750,390,2026-04-22T07:15:43Z
56.381237,35.695293,27825,390,2026-04-22T07:15:45Z
56.384754,35.691025,27925,388,2026-04-22T07:15:47Z
56.387806,35.687229,28025,388,2026-04-22T07:15:49Z
56.39143,35.682713,28075,388,2026-04-22T07:15:52Z
56.394348,35.679008,28175,388,2026-04-22T07:15:54Z
56.397568,35.674934,28250,388,2026-04-22T07:15:56Z
56.400635,35.671204,28325,386,2026-04-22T07:15:58Z
56.403801,35.66737,28400,386,2026-04-22T07:16:00Z
56.407227,35.663319,28475,386,2026-04-22T07:16:02Z
56.410744,35.658421,28550,386,2026-04-22T07:16:05Z
56.413876,35.654991,28625,386,2026-04-22T07:16:07Z
56.417057,35.651134,28675,386,2026-04-22T07:16:09Z
56.420815,35.646297,28775,386,2026-04-22T07:16:11Z
56.423569,35.64291,28825,386,2026-04-22T07:16:13Z
56.426823,35.638969,28900,386,2026-04-22T07:16:16Z
56.430119,35.635269,28975,384,2026-04-22T07:16:18Z
56.433716,35.630409,29025,384,2026-04-22T07:16:20Z
56.436611,35.626915,29100,384,2026-04-22T07:16:22Z
56.439777,35.623085,29150,386,2026-04-22T07:16:24Z
56.442852,35.619263,29200,386,2026-04-22T07:16:26Z
56.445648,35.615765,29250,386,2026-04-22T07:16:28Z
56.449486,35.613148,29300,386,2026-04-22T07:16:30Z
56.451668,35.608372,29375,386,2026-04-22T07:16:33Z
56.456799,35.604862,29425,386,2026-04-22T07:16:35Z
56.459114,35.59967,29475,384,2026-04-22T07:16:37Z
56.461597,35.595749,29575,384,2026-04-22T07:16:39Z
56.46505,35.592213,29650,384,2026-04-22T07:16:42Z
56.469769,35.588181,29725,384,2026-04-22T07:16:44Z
56.472233,35.584667,29775,384,2026-04-22T07:16:46Z
56.47604,35.580765,29975,384,2026-04-22T07:16:48Z
56.479115,35.576687,29925,384,2026-04-22T07:16:50Z
56.481667,35.573128,30000,384,2026-04-22T07:16:53Z
56.484173,35.568565,30050,384,2026-04-22T07:16:55Z
56.487877,35.564449,30125,384,2026-04-22T07:16:57Z
56.490276,35.560928,30175,382,2026-04-22T07:16:59Z
56.494267,35.556591,30225,382,2026-04-22T07:17:01Z
56.496811,35.552605,30300,382,2026-04-22T07:17:03Z
56.500107,35.548512,30350,382,2026-04-22T07:17:05Z
56.503544,35.54549,30425,382,2026-04-22T07:17:07Z
56.50605,35.541607,30475,382,2026-04-22T07:17:10Z
56.508892,35.537876,30525,382,2026-04-22T07:17:12Z
56.511871,35.534618,30600,382,2026-04-22T07:17:14Z
56.515217,35.529751,30650,382,2026-04-22T07:17:16Z
56.518921,35.527073,30700,382,2026-04-22T07:17:18Z
56.522594,35.520889,30800,382,2026-04-22T07:17:21Z
56.525532,35.516815,30850,382,2026-04-22T07:17:23Z
56.528507,35.51302,30900,382,2026-04-22T07:17:25Z
56.531612,35.509007,30975,382,2026-04-22T07:17:27Z
56.535225,35.505928,31025,382,2026-04-22T07:17:29Z
56.540363,35.498123,31100,382,2026-04-22T07:17:33Z
56.543327,35.494255,31175,382,2026-04-22T07:17:35Z
56.546268,35.490891,31225,382,2026-04-22T07:17:37Z
56.549408,35.487164,31275,382,2026-04-22T07:17:40Z
56.552849,35.482788,31350,382,2026-04-22T07:17:42Z
56.556339,35.478569,31400,384,2026-04-22T07:17:44Z
56.55896,35.475231,31450,384,2026-04-22T07:17:46Z
56.563091,35.471287,31500,384,2026-04-22T07:17:48Z
56.566422,35.4688,31550,384,2026-04-22T07:17:50Z
56.568695,35.463005,31600,384,2026-04-22T07:17:52Z
56.571785,35.460407,31675,384,2026-04-22T07:17:55Z
56.575855,35.455288,31700,384,2026-04-22T07:17:57Z
56.578056,35.451496,31775,384,2026-04-22T07:17:59Z
56.581455,35.446514,31825,384,2026-04-22T07:18:01Z
56.584152,35.44326,31850,384,2026-04-22T07:18:03Z
56.587181,35.439358,31900,384,2026-04-22T07:18:06Z
56.590092,35.436214,31925,386,2026-04-22T07:18:08Z
56.593277,35.432858,31950,386,2026-04-22T07:18:10Z
56.597336,35.427761,31950,386,2026-04-22T07:18:12Z
56.600376,35.42384,31975,388,2026-04-22T07:18:14Z
56.604351,35.419727,31975,388,2026-04-22T07:18:16Z
56.606091,35.415867,31975,390,2026-04-22T07:18:18Z
56.609203,35.412064,31975,390,2026-04-22T07:18:21Z
56.612614,35.40799,31975,390,2026-04-22T07:18:23Z
56.616177,35.403503,31975,390,2026-04-22T07:18:25Z
56.619595,35.399673,31975,390,2026-04-22T07:18:27Z
56.622551,35.396217,32000,392,2026-04-22T07:18:29Z
56.625767,35.391823,31975,392,2026-04-22T07:18:32Z
56.629101,35.38802,31975,392,2026-04-22T07:18:34Z
56.632099,35.383495,32000,392,2026-04-22T07:18:36Z
56.636471,35.37933,32000,392,2026-04-22T07:18:38Z
56.638947,35.375046,32000,392,2026-04-22T07:18:41Z
56.642258,35.37093,32000,392,2026-04-22T07:18:43Z
56.645767,35.366589,32000,392,2026-04-22T07:18:45Z
56.64896,35.36224,32000,392,2026-04-22T07:18:47Z
56.653599,35.357674,32000,392,2026-04-22T07:18:50Z
56.656315,35.35276,32000,392,2026-04-22T07:18:52Z
56.659088,35.349304,32000,392,2026-04-22T07:18:54Z
56.662521,35.344761,32000,392,2026-04-22T07:18:57Z
56.665752,35.341019,32000,392,2026-04-22T07:18:59Z
56.669403,35.336811,32000,392,2026-04-22T07:19:01Z
56.673054,35.332363,32000,392,2026-04-22T07:19:03Z
56.676655,35.327923,32000,392,2026-04-22T07:19:06Z
56.679348,35.324593,32000,392,2026-04-22T07:19:08Z
56.682323,35.320774,32000,392,2026-04-22T07:19:10Z
56.68549,35.316818,32000,392,2026-04-22T07:19:12Z
56.689011,35.312286,32000,392,2026-04-22T07:19:14Z
56.692085,35.308403,32000,392,2026-04-22T07:19:16Z
56.695515,35.304073,32000,392,2026-04-22T07:19:18Z
56.698681,35.299828,32000,392,2026-04-22T07:19:21Z
56.701649,35.295979,32000,390,2026-04-22T07:19:23Z
56.72382,35.268269,32000,390,2026-04-22T07:19:38Z
56.727417,35.263977,32000,390,2026-04-22T07:19:40Z
56.730446,35.259949,32000,390,2026-04-22T07:19:42Z
56.733727,35.25589,32000,390,2026-04-22T07:19:44Z
56.736835,35.252056,32000,390,2026-04-22T07:19:46Z
56.739891,35.248199,32000,390,2026-04-22T07:19:49Z
56.743126,35.244251,32000,390,2026-04-22T07:19:51Z
56.74715,35.23922,32000,390,2026-04-22T07:19:53Z
56.749943,35.235638,32000,390,2026-04-22T07:19:55Z
56.752857,35.231754,32000,390,2026-04-22T07:19:57Z
56.755695,35.228268,32000,390,2026-04-22T07:19:59Z
56.758919,35.224369,32000,390,2026-04-22T07:20:01Z
56.762093,35.220654,32000,388,2026-04-22T07:20:03Z
56.76524,35.216656,32000,388,2026-04-22T07:20:06Z
56.784748,35.191959,32000,388,2026-04-22T07:20:19Z
56.787643,35.188057,32000,388,2026-04-22T07:20:21Z
56.791058,35.183674,32000,388,2026-04-22T07:20:23Z
56.794594,35.17926,32000,388,2026-04-22T07:20:26Z
56.798378,35.174694,32000,388,2026-04-22T07:20:28Z
56.800987,35.171551,32000,388,2026-04-22T07:20:30Z
56.804276,35.167469,32000,388,2026-04-22T07:20:32Z
56.807377,35.163445,32000,390,2026-04-22T07:20:35Z
56.811703,35.157829,32000,390,2026-04-22T07:20:37Z
56.814163,35.154667,32000,390,2026-04-22T07:20:39Z
56.81749,35.150791,32000,390,2026-04-22T07:20:41Z
56.820831,35.14658,32000,390,2026-04-22T07:20:43Z
56.824135,35.142372,32000,390,2026-04-22T07:20:45Z
56.826965,35.138748,32000,390,2026-04-22T07:20:48Z
56.843094,35.118366,32000,392,2026-04-22T07:20:59Z
56.846901,35.113346,32000,392,2026-04-22T07:21:01Z
56.849411,35.110008,32000,392,2026-04-22T07:21:03Z
56.853199,35.105682,32000,392,2026-04-22T07:21:05Z
56.855812,35.102394,32000,392,2026-04-22T07:21:07Z
56.859261,35.09782,32000,392,2026-04-22T07:21:09Z
56.862419,35.093918,32000,392,2026-04-22T07:21:11Z
56.865589,35.090115,32000,392,2026-04-22T07:21:14Z
56.868736,35.085686,32000,392,2026-04-22T07:21:16Z
56.87212,35.08194,32000,394,2026-04-22T07:21:18Z
56.875393,35.077309,32000,394,2026-04-22T07:21:20Z
56.87867,35.073357,32000,394,2026-04-22T07:21:22Z
56.8815,35.069706,32000,394,2026-04-22T07:21:24Z
56.884857,35.065369,32000,394,2026-04-22T07:21:26Z
56.88855,35.061543,32000,394,2026-04-22T07:21:29Z
56.891247,35.057114,32000,394,2026-04-22T07:21:31Z
56.894928,35.052425,32000,394,2026-04-22T07:21:33Z
56.898609,35.047878,32000,394,2026-04-22T07:21:35Z
56.901348,35.04443,32000,394,2026-04-22T07:21:38Z
56.904705,35.040329,32000,394,2026-04-22T07:21:40Z
56.908146,35.035854,32000,394,2026-04-22T07:21:42Z
56.911388,35.031494,32000,394,2026-04-22T07:21:44Z
56.914539,35.027458,32000,394,2026-04-22T07:21:46Z
56.917931,35.02335,32000,394,2026-04-22T07:21:49Z
56.920822,35.019867,32000,394,2026-04-22T07:21:51Z
56.924747,35.01503,32000,394,2026-04-22T07:21:53Z
56.928089,35.010872,32000,394,2026-04-22T07:21:55Z
56.93084,35.007202,32000,394,2026-04-22T07:21:57Z
56.934372,35.00248,32000,394,2026-04-22T07:21:59Z
56.979614,34.944698,32000,392,2026-04-22T07:22:30Z
57.020256,34.892242,32000,390,2026-04-22T07:22:58Z
57.023792,34.887585,32000,390,2026-04-22T07:23:00Z
57.026878,34.883789,32000,390,2026-04-22T07:23:02Z
57.029716,34.8801,32000,390,2026-04-22T07:23:04Z
57.032776,34.876247,32000,388,2026-04-22T07:23:06Z
57.035873,34.872383,32000,388,2026-04-22T07:23:08Z
57.039024,34.868309,32000,388,2026-04-22T07:23:10Z
57.042271,34.864269,32000,388,2026-04-22T07:23:13Z
57.045479,34.860016,32000,388,2026-04-22T07:23:15Z
57.048637,34.855843,32000,388,2026-04-22T07:23:17Z
57.05172,34.851711,32000,388,2026-04-22T07:23:19Z
57.054588,34.8479,32000,388,2026-04-22T07:23:21Z
57.05809,34.843605,32000,388,2026-04-22T07:23:23Z
57.061306,34.839394,32000,388,2026-04-22T07:23:26Z
57.071362,34.827106,32000,388,2026-04-22T07:23:32Z
57.074215,34.823154,32000,388,2026-04-22T07:23:34Z
57.077118,34.819534,32000,388,2026-04-22T07:23:36Z
57.080544,34.815151,32000,388,2026-04-22T07:23:38Z
57.08308,34.811249,32000,388,2026-04-22T07:23:41Z
57.086506,34.80727,32000,388,2026-04-22T07:23:43Z
57.089737,34.80304,32000,388,2026-04-22T07:23:45Z
57.092949,34.799076,32000,388,2026-04-22T07:23:47Z
57.096329,34.794781,32000,388,2026-04-22T07:23:49Z
57.099918,34.789959,32000,388,2026-04-22T07:23:51Z
57.102989,34.786064,32000,388,2026-04-22T07:23:54Z
57.105499,34.78249,32000,388,2026-04-22T07:23:56Z
57.108723,34.778446,32000,388,2026-04-22T07:23:58Z
57.11245,34.773861,32000,390,2026-04-22T07:24:00Z
57.118561,34.766415,32000,390,2026-04-22T07:24:05Z
57.121731,34.762104,32000,390,2026-04-22T07:24:07Z
57.125599,34.756989,32000,390,2026-04-22T07:24:09Z
57.127941,34.754082,32000,390,2026-04-22T07:24:11Z
57.130989,34.750069,32000,390,2026-04-22T07:24:13Z
57.134022,34.746208,32000,390,2026-04-22T07:24:15Z
57.1371,34.742287,32000,390,2026-04-22T07:24:17Z
57.140591,34.737873,32000,390,2026-04-22T07:24:19Z
57.14439,34.73291,32000,390,2026-04-22T07:24:21Z
57.146553,34.730152,32000,390,2026-04-22T07:24:24Z
57.149673,34.725975,32000,390,2026-04-22T07:24:26Z
57.152763,34.72224,32000,392,2026-04-22T07:24:28Z
57.156197,34.71772,32000,392,2026-04-22T07:24:30Z
57.164051,34.707355,32000,392,2026-04-22T07:24:35Z
57.168686,34.701626,32000,392,2026-04-22T07:24:38Z
57.171864,34.697109,32000,392,2026-04-22T07:24:40Z
57.175575,34.692642,32000,392,2026-04-22T07:24:43Z
57.178432,34.688972,32000,392,2026-04-22T07:24:45Z
57.180973,34.685513,32000,392,2026-04-22T07:24:47Z
57.183765,34.681744,32000,392,2026-04-22T07:24:49Z
57.186825,34.677906,32000,392,2026-04-22T07:24:51Z
57.189972,34.673855,32000,392,2026-04-22T07:24:53Z
57.194191,34.668396,32000,392,2026-04-22T07:24:55Z
57.198467,34.662689,32000,392,2026-04-22T07:24:59Z
57.201466,34.658802,32000,392,2026-04-22T07:25:01Z
57.205132,34.653934,32000,392,2026-04-22T07:25:03Z
57.209061,34.649281,32000,392,2026-04-22T07:25:06Z
57.213242,34.643509,32000,392,2026-04-22T07:25:09Z
57.216389,34.639187,32000,392,2026-04-22T07:25:11Z
57.219559,34.635262,32000,392,2026-04-22T07:25:13Z
57.22271,34.631287,32000,392,2026-04-22T07:25:15Z
57.226261,34.626694,32000,392,2026-04-22T07:25:18Z
57.229458,34.622543,32000,392,2026-04-22T07:25:20Z
57.232555,34.618496,32000,392,2026-04-22T07:25:22Z
57.236031,34.614017,32000,392,2026-04-22T07:25:24Z
57.239216,34.609898,32000,392,2026-04-22T07:25:26Z
57.242527,34.60564,32000,392,2026-04-22T07:25:29Z
57.245602,34.601589,32000,392,2026-04-22T07:25:31Z
57.249142,34.597027,32000,392,2026-04-22T07:25:33Z
57.2523,34.592827,32000,392,2026-04-22T07:25:35Z
57.255329,34.588886,32000,392,2026-04-22T07:25:37Z
57.258652,34.584545,32000,392,2026-04-22T07:25:39Z
57.261627,34.580597,32000,392,2026-04-22T07:25:41Z
57.264603,34.576775,32000,392,2026-04-22T07:25:44Z
57.268272,34.571991,32000,392,2026-04-22T07:25:46Z
57.271313,34.568039,32000,392,2026-04-22T07:25:48Z
57.274197,34.564293,32000,392,2026-04-22T07:25:50Z
57.277008,34.560513,32000,392,2026-04-22T07:25:52Z
57.280487,34.555946,32000,392,2026-04-22T07:25:54Z
57.326782,34.495155,32000,392,2026-04-22T07:26:26Z
57.329762,34.491241,32000,392,2026-04-22T07:26:28Z
57.332695,34.487457,32000,392,2026-04-22T07:26:30Z
57.335838,34.483391,32000,390,2026-04-22T07:26:32Z
57.338699,34.47974,32000,390,2026-04-22T07:26:34Z
57.34206,34.475235,32000,390,2026-04-22T07:26:36Z
57.385197,34.418152,32000,390,2026-04-22T07:27:05Z
57.392879,34.408279,32000,390,2026-04-22T07:27:10Z
57.39563,34.404556,32000,390,2026-04-22T07:27:12Z
57.398373,34.401005,32000,390,2026-04-22T07:27:14Z
57.401291,34.396996,32000,390,2026-04-22T07:27:16Z
57.404053,34.393246,32000,390,2026-04-22T07:27:18Z
57.407169,34.389099,32000,390,2026-04-22T07:27:21Z
57.410339,34.384823,32000,390,2026-04-22T07:27:23Z
57.413181,34.381084,32000,390,2026-04-22T07:27:25Z
57.41626,34.377125,32000,390,2026-04-22T07:27:27Z
57.419399,34.373089,32000,390,2026-04-22T07:27:29Z
57.422333,34.369274,32000,390,2026-04-22T07:27:31Z
57.425598,34.364754,32000,390,2026-04-22T07:27:33Z
57.428539,34.360767,32000,390,2026-04-22T07:27:35Z
57.431595,34.356834,32000,390,2026-04-22T07:27:37Z
57.434746,34.352757,32000,390,2026-04-22T07:27:39Z
57.437702,34.348965,32000,390,2026-04-22T07:27:41Z
57.440807,34.344772,32000,390,2026-04-22T07:27:43Z
57.444077,34.340221,32000,390,2026-04-22T07:27:45Z
57.447311,34.336082,32000,390,2026-04-22T07:27:47Z
57.452232,34.32946,32000,390,2026-04-22T07:27:51Z
57.455772,34.325089,32000,390,2026-04-22T07:27:53Z
57.458,34.321815,32000,390,2026-04-22T07:27:55Z
57.460682,34.318279,32000,390,2026-04-22T07:27:57Z
57.46397,34.314011,32000,390,2026-04-22T07:27:59Z
57.466965,34.310055,32000,390,2026-04-22T07:28:01Z
57.470043,34.305973,32000,390,2026-04-22T07:28:03Z
57.472897,34.302223,32000,390,2026-04-22T07:28:05Z
57.476055,34.298134,32000,390,2026-04-22T07:28:07Z
57.479538,34.293571,32000,390,2026-04-22T07:28:09Z
57.481857,34.290295,32000,390,2026-04-22T07:28:12Z
57.484928,34.286171,32000,390,2026-04-22T07:28:14Z
57.487915,34.282101,32000,390,2026-04-22T07:28:16Z
57.490791,34.278286,32000,390,2026-04-22T07:28:18Z
57.493835,34.274258,32000,390,2026-04-22T07:28:20Z
57.496876,34.270142,32000,390,2026-04-22T07:28:22Z
57.544548,34.207085,32000,388,2026-04-22T07:28:54Z
57.558395,34.188885,32000,388,2026-04-22T07:29:04Z
57.561493,34.184708,32000,388,2026-04-22T07:29:06Z
57.563995,34.18116,32000,388,2026-04-22T07:29:08Z
57.567696,34.176357,32000,388,2026-04-22T07:29:10Z
57.570393,34.172829,32000,388,2026-04-22T07:29:12Z
57.573456,34.168873,32000,388,2026-04-22T07:29:14Z
57.576511,34.164795,32000,388,2026-04-22T07:29:16Z
57.579563,34.160721,32000,388,2026-04-22T07:29:18Z
57.582607,34.156685,32000,388,2026-04-22T07:29:20Z
57.586208,34.151871,32000,388,2026-04-22T07:29:23Z
57.588905,34.148384,32000,390,2026-04-22T07:29:25Z
57.591846,34.144463,32000,390,2026-04-22T07:29:27Z
57.595295,34.139835,32000,390,2026-04-22T07:29:29Z
57.600563,34.13221,32000,390,2026-04-22T07:29:33Z
57.607487,34.12344,32000,390,2026-04-22T07:29:37Z
57.61047,34.119385,32000,390,2026-04-22T07:29:40Z
57.613163,34.115692,32000,390,2026-04-22T07:29:42Z
57.616257,34.111591,32000,390,2026-04-22T07:29:44Z
57.621735,34.099922,32000,390,2026-04-22T07:29:49Z
57.627522,34.096733,32000,390,2026-04-22T07:29:51Z
57.629856,34.093517,32000,390,2026-04-22T07:29:53Z
57.633186,34.089012,32000,392,2026-04-22T07:29:55Z
57.6366,34.084648,32000,392,2026-04-22T07:29:57Z
57.639206,34.081062,32000,392,2026-04-22T07:29:59Z
57.639416,34.071991,32000,392,2026-04-22T07:30:01Z
57.641899,34.069092,32000,392,2026-04-22T07:30:03Z
57.648418,34.068878,32000,392,2026-04-22T07:30:06Z
57.651882,34.063831,32000,392,2026-04-22T07:30:08Z
57.654629,34.060387,32000,392,2026-04-22T07:30:10Z
57.657944,34.056038,32000,392,2026-04-22T07:30:12Z
57.660419,34.052116,32000,392,2026-04-22T07:30:14Z
57.664024,34.047749,32000,392,2026-04-22T07:30:16Z
57.667023,34.043812,32000,392,2026-04-22T07:30:18Z
57.669956,34.039467,32000,392,2026-04-22T07:30:21Z
57.673439,34.035225,32000,392,2026-04-22T07:30:23Z
57.676239,34.031338,32000,392,2026-04-22T07:30:25Z
57.680084,34.02636,32000,392,2026-04-22T07:30:27Z
57.682941,34.022415,32000,392,2026-04-22T07:30:29Z
57.691166,34.011127,32000,392,2026-04-22T07:30:35Z
57.693829,34.007401,32000,392,2026-04-22T07:30:37Z
57.696838,34.00383,32000,390,2026-04-22T07:30:39Z
57.699741,33.999718,32000,390,2026-04-22T07:30:41Z
57.702679,33.995735,32000,390,2026-04-22T07:30:43Z
57.706406,33.990906,32000,390,2026-04-22T07:30:45Z
57.707939,33.990204,32000,390,2026-04-22T07:30:47Z
57.711193,33.98344,32000,390,2026-04-22T07:30:49Z
57.714626,33.980846,32000,390,2026-04-22T07:30:51Z
57.717106,33.975662,32000,390,2026-04-22T07:30:53Z
57.72007,33.973656,32000,390,2026-04-22T07:30:55Z
57.723255,33.968254,32000,390,2026-04-22T07:30:58Z
57.726601,33.963085,32000,390,2026-04-22T07:31:00Z
57.729759,33.958954,32000,390,2026-04-22T07:31:02Z
57.732517,33.95517,32000,390,2026-04-22T07:31:04Z
57.735603,33.950596,32000,390,2026-04-22T07:31:06Z
57.739006,33.946445,32000,390,2026-04-22T07:31:08Z
57.741734,33.942974,32000,390,2026-04-22T07:31:10Z
57.744984,33.938538,32000,390,2026-04-22T07:31:12Z
57.748524,33.933594,32000,390,2026-04-22T07:31:14Z
57.750843,33.930122,32000,390,2026-04-22T07:31:16Z
57.75449,33.925564,32000,390,2026-04-22T07:31:18Z
57.757172,33.922112,32000,390,2026-04-22T07:31:21Z
57.760487,33.917694,32000,390,2026-04-22T07:31:23Z
57.763821,33.913239,32000,390,2026-04-22T07:31:25Z
57.766853,33.9091,32000,390,2026-04-22T07:31:27Z
57.780708,33.890556,32000,390,2026-04-22T07:31:36Z
57.782265,33.88847,32000,390,2026-04-22T07:31:38Z
57.785297,33.884159,32000,390,2026-04-22T07:31:40Z
57.788631,33.878948,32000,390,2026-04-22T07:31:42Z
57.791145,33.875664,32000,390,2026-04-22T07:31:44Z
57.794609,33.87146,32000,390,2026-04-22T07:31:46Z
57.797314,33.867336,32000,390,2026-04-22T07:31:48Z
57.800632,33.861244,32000,390,2026-04-22T07:31:50Z
57.803215,33.857975,32000,390,2026-04-22T07:31:52Z
57.807358,33.854561,32000,390,2026-04-22T07:31:55Z
57.809727,33.850086,32000,390,2026-04-22T07:31:57Z
57.813618,33.84449,32000,390,2026-04-22T07:31:59Z
57.816364,33.840603,32000,390,2026-04-22T07:32:01Z
57.819344,33.837276,32000,388,2026-04-22T07:32:03Z
57.823616,33.832581,32000,388,2026-04-22T07:32:05Z
57.825645,33.829571,32000,388,2026-04-22T07:32:07Z
57.828392,33.825871,32000,388,2026-04-22T07:32:09Z
57.831512,33.820061,32000,388,2026-04-22T07:32:12Z
57.834503,33.817032,32000,388,2026-04-22T07:32:14Z
57.837719,33.813305,32000,388,2026-04-22T07:32:16Z
57.841103,33.808994,32000,388,2026-04-22T07:32:18Z
57.844433,33.804474,32000,388,2026-04-22T07:32:20Z
57.846989,33.800426,32000,388,2026-04-22T07:32:22Z
57.849819,33.796436,32000,388,2026-04-22T07:32:24Z
57.852882,33.792923,32000,388,2026-04-22T07:32:26Z
57.856251,33.788372,32000,388,2026-04-22T07:32:28Z
57.858952,33.7841,32000,388,2026-04-22T07:32:31Z
57.861984,33.779152,32000,388,2026-04-22T07:32:33Z
57.864952,33.775036,32000,388,2026-04-22T07:32:35Z
57.868156,33.771805,32000,388,2026-04-22T07:32:37Z
57.870949,33.767433,32000,388,2026-04-22T07:32:39Z
57.874485,33.763638,32000,388,2026-04-22T07:32:41Z
57.877453,33.759918,32000,388,2026-04-22T07:32:43Z
57.880733,33.755543,32000,388,2026-04-22T07:32:45Z
57.883194,33.751328,32000,388,2026-04-22T07:32:47Z
57.886349,33.746571,32000,388,2026-04-22T07:32:50Z
57.889534,33.742218,32000,388,2026-04-22T07:32:52Z
57.892323,33.738201,32000,388,2026-04-22T07:32:54Z
57.895248,33.733707,32000,388,2026-04-22T07:32:56Z
57.898548,33.728939,32000,388,2026-04-22T07:32:58Z
57.901134,33.725128,32000,388,2026-04-22T07:33:00Z
57.904675,33.719887,32000,388,2026-04-22T07:33:02Z
57.907368,33.716015,32000,388,2026-04-22T07:33:04Z
57.910023,33.711884,32000,388,2026-04-22T07:33:06Z
57.912792,33.706924,32000,388,2026-04-22T07:33:08Z
57.915932,33.703125,32000,388,2026-04-22T07:33:11Z
57.919147,33.69754,32000,388,2026-04-22T07:33:13Z
57.922935,33.691856,32000,388,2026-04-22T07:33:15Z
57.924702,33.689262,32000,388,2026-04-22T07:33:17Z
57.927612,33.684906,32000,388,2026-04-22T07:33:19Z
57.93071,33.680275,32000,388,2026-04-22T07:33:21Z
57.933998,33.675087,32000,388,2026-04-22T07:33:23Z
57.936813,33.670753,32000,388,2026-04-22T07:33:25Z
57.939659,33.666508,32000,388,2026-04-22T07:33:27Z
57.942375,33.662212,32000,388,2026-04-22T07:33:30Z
57.945175,33.657455,32000,388,2026-04-22T07:33:32Z
57.947975,33.652668,32000,388,2026-04-22T07:33:34Z
57.95068,33.648483,32000,388,2026-04-22T07:33:36Z
57.953438,33.644344,32000,388,2026-04-22T07:33:38Z
57.956276,33.640015,32000,388,2026-04-22T07:33:40Z
57.959053,33.635544,32000,388,2026-04-22T07:33:42Z
57.987766,33.590611,32000,388,2026-04-22T07:34:03Z
57.990322,33.586647,32000,388,2026-04-22T07:34:05Z
57.993488,33.581654,32000,388,2026-04-22T07:34:07Z
57.996101,33.576969,32000,388,2026-04-22T07:34:09Z
57.999096,33.572895,32000,388,2026-04-22T07:34:11Z
58.001884,33.56855,32000,390,2026-04-22T07:34:13Z
58.005527,33.562634,32000,390,2026-04-22T07:34:15Z
58.007511,33.559383,32000,390,2026-04-22T07:34:17Z
58.010117,33.555092,32000,390,2026-04-22T07:34:19Z
58.014347,33.547997,32000,390,2026-04-22T07:34:21Z
58.015907,33.546398,32000,390,2026-04-22T07:34:23Z
58.019081,33.540936,32000,388,2026-04-22T07:34:26Z
58.022362,33.535843,32000,388,2026-04-22T07:34:28Z
58.024998,33.531391,32000,388,2026-04-22T07:34:30Z
58.027813,33.527103,32000,388,2026-04-22T07:34:32Z
58.030766,33.522583,32000,388,2026-04-22T07:34:34Z
58.033512,33.518349,32000,388,2026-04-22T07:34:36Z
58.036289,33.514004,32000,388,2026-04-22T07:34:38Z
58.039124,33.509357,32000,388,2026-04-22T07:34:40Z
58.042114,33.504501,32000,388,2026-04-22T07:34:42Z
58.044792,33.500191,32000,388,2026-04-22T07:34:44Z
58.047871,33.495575,32000,388,2026-04-22T07:34:47Z
58.050606,33.491268,32000,388,2026-04-22T07:34:49Z
58.053753,33.486179,32000,388,2026-04-22T07:34:51Z
58.056274,33.482445,32000,388,2026-04-22T07:34:53Z
58.08617,33.434799,32000,386,2026-04-22T07:35:14Z
58.088703,33.430763,32000,386,2026-04-22T07:35:16Z
58.091362,33.427044,32000,386,2026-04-22T07:35:18Z
58.093918,33.422462,32000,386,2026-04-22T07:35:20Z
58.096901,33.417946,32000,386,2026-04-22T07:35:22Z
58.099865,33.413403,32000,386,2026-04-22T07:35:24Z
58.102219,33.409122,32000,386,2026-04-22T07:35:27Z
58.105297,33.404705,32000,386,2026-04-22T07:35:29Z
58.108265,33.40012,32000,386,2026-04-22T07:35:31Z
58.111221,33.395161,32000,386,2026-04-22T07:35:33Z
58.113853,33.39077,32000,386,2026-04-22T07:35:35Z
58.116802,33.386272,32000,386,2026-04-22T07:35:37Z
58.119637,33.381737,32000,384,2026-04-22T07:35:39Z
58.122192,33.377453,32000,384,2026-04-22T07:35:41Z
58.125095,33.372864,32000,384,2026-04-22T07:35:43Z
58.128159,33.367985,32000,384,2026-04-22T07:35:45Z
58.13073,33.363983,32000,384,2026-04-22T07:35:48Z
58.133713,33.359077,32000,384,2026-04-22T07:35:50Z
58.136204,33.355217,32000,384,2026-04-22T07:35:52Z
58.139412,33.350334,32000,384,2026-04-22T07:35:54Z
58.141869,33.346268,32000,382,2026-04-22T07:35:56Z
58.144829,33.340572,32000,382,2026-04-22T07:35:58Z
58.147682,33.336681,32000,382,2026-04-22T07:36:00Z
58.150551,33.332325,32000,382,2026-04-22T07:36:02Z
58.15377,33.32719,32000,382,2026-04-22T07:36:04Z
58.15641,33.322964,32000,382,2026-04-22T07:36:07Z
58.159142,33.31789,32000,382,2026-04-22T07:36:09Z
58.162388,33.313545,32000,382,2026-04-22T07:36:11Z
58.164776,33.309578,32000,380,2026-04-22T07:36:13Z
58.167446,33.305168,32000,380,2026-04-22T07:36:15Z
58.170265,33.30085,32000,380,2026-04-22T07:36:17Z
58.173199,33.295918,32000,380,2026-04-22T07:36:19Z
58.175953,33.291607,32000,380,2026-04-22T07:36:21Z
58.178761,33.286766,32000,380,2026-04-22T07:36:23Z
58.181458,33.282631,32000,380,2026-04-22T07:36:25Z
58.184296,33.278069,32000,380,2026-04-22T07:36:27Z
58.187122,33.273827,32000,380,2026-04-22T07:36:30Z
58.189934,33.269161,32000,380,2026-04-22T07:36:32Z
58.192749,33.264889,32000,380,2026-04-22T07:36:34Z
58.195522,33.260479,32000,380,2026-04-22T07:36:36Z
58.198082,33.255512,32000,380,2026-04-22T07:36:38Z
58.201267,33.251064,32000,380,2026-04-22T07:36:40Z
58.203964,33.246731,32000,380,2026-04-22T07:36:42Z
58.206596,33.242458,32000,380,2026-04-22T07:36:44Z
58.209484,33.237892,32000,380,2026-04-22T07:36:46Z
58.212303,33.233284,32000,380,2026-04-22T07:36:48Z
58.214939,33.229111,32000,380,2026-04-22T07:36:50Z
58.217854,33.224239,32000,380,2026-04-22T07:36:53Z
58.220432,33.220058,32000,380,2026-04-22T07:36:55Z
58.223194,33.215702,32000,380,2026-04-22T07:36:57Z
58.226055,33.211269,32000,380,2026-04-22T07:36:59Z
58.228668,33.206978,32000,380,2026-04-22T07:37:01Z
58.231468,33.202549,32000,380,2026-04-22T07:37:03Z
58.234554,33.197514,32000,380,2026-04-22T07:37:05Z
58.236813,33.193718,32000,380,2026-04-22T07:37:07Z
58.272827,33.135796,32000,380,2026-04-22T07:37:34Z
58.27562,33.131271,32000,380,2026-04-22T07:37:36Z
58.2785,33.126816,32000,380,2026-04-22T07:37:38Z
58.281136,33.122597,32000,380,2026-04-22T07:37:40Z
58.283997,33.117584,32000,380,2026-04-22T07:37:42Z
58.286606,33.113552,32000,380,2026-04-22T07:37:44Z
58.289665,33.108738,31975,380,2026-04-22T07:37:46Z
58.292366,33.104515,31975,380,2026-04-22T07:37:48Z
58.2952,33.099751,31950,378,2026-04-22T07:37:50Z
58.297886,33.095493,31925,378,2026-04-22T07:37:53Z
58.300594,33.091103,31900,378,2026-04-22T07:37:55Z
58.303288,33.086781,31850,378,2026-04-22T07:37:57Z
58.305984,33.082333,31800,378,2026-04-22T07:37:59Z
58.344311,33.020348,30850,376,2026-04-22T07:38:28Z
58.346951,33.015888,30800,376,2026-04-22T07:38:30Z
58.349724,33.011574,30750,374,2026-04-22T07:38:32Z
58.352505,33.006943,30675,374,2026-04-22T07:38:34Z
58.35503,33.002705,30625,374,2026-04-22T07:38:36Z
58.357658,32.998295,30575,374,2026-04-22T07:38:38Z
58.360256,32.994068,30500,372,2026-04-22T07:38:40Z
58.36298,32.989502,30450,372,2026-04-22T07:38:42Z
58.365601,32.985435,30375,372,2026-04-22T07:38:44Z
58.368469,32.980991,30325,372,2026-04-22T07:38:46Z
58.371006,32.976677,30275,370,2026-04-22T07:38:48Z
58.373608,32.972565,30200,370,2026-04-22T07:38:50Z
58.376297,32.968151,30150,370,2026-04-22T07:38:52Z
58.378723,32.963879,30100,370,2026-04-22T07:38:54Z
58.381695,32.95932,30025,370,2026-04-22T07:38:56Z
58.384342,32.955006,29950,370,2026-04-22T07:38:58Z
58.387089,32.950153,29900,370,2026-04-22T07:39:01Z
58.389889,32.945984,29850,370,2026-04-22T07:39:03Z
58.392582,32.941856,29775,368,2026-04-22T07:39:05Z
58.395325,32.937309,29700,368,2026-04-22T07:39:07Z
58.397659,32.933304,29650,368,2026-04-22T07:39:09Z
58.40036,32.929134,29600,368,2026-04-22T07:39:11Z
58.403088,32.924702,29525,368,2026-04-22T07:39:13Z
58.40567,32.920349,29475,368,2026-04-22T07:39:15Z
58.408211,32.916225,29400,368,2026-04-22T07:39:17Z
58.410954,32.911736,29325,368,2026-04-22T07:39:19Z
58.413746,32.907192,29275,368,2026-04-22T07:39:21Z
58.41634,32.903214,29200,368,2026-04-22T07:39:23Z
58.4193,32.89817,29150,368,2026-04-22T07:39:25Z
58.421841,32.894268,29075,368,2026-04-22T07:39:27Z
58.424324,32.889919,29000,370,2026-04-22T07:39:29Z
58.427074,32.885475,28950,370,2026-04-22T07:39:31Z
58.429726,32.88126,28875,370,2026-04-22T07:39:34Z
58.432545,32.876663,28800,372,2026-04-22T07:39:36Z
58.435356,32.872169,28725,372,2026-04-22T07:39:38Z
58.438107,32.868191,28650,372,2026-04-22T07:39:40Z
58.440826,32.86367,28575,372,2026-04-22T07:39:42Z
58.443584,32.859394,28500,372,2026-04-22T07:39:44Z
58.44635,32.854515,28425,372,2026-04-22T07:39:46Z
58.449398,32.84948,28350,372,2026-04-22T07:39:49Z
58.452061,32.845188,28275,372,2026-04-22T07:39:51Z
58.454899,32.840515,28200,372,2026-04-22T07:39:53Z
58.457661,32.836044,28150,372,2026-04-22T07:39:55Z
58.460289,32.831696,28075,370,2026-04-22T07:39:57Z
58.462997,32.827171,28000,370,2026-04-22T07:39:59Z
58.465466,32.823181,27950,370,2026-04-22T07:40:01Z
58.468151,32.818775,27875,370,2026-04-22T07:40:03Z
58.470772,32.814461,27800,370,2026-04-22T07:40:05Z
58.473343,32.810139,27750,368,2026-04-22T07:40:07Z
58.513233,32.744995,26725,364,2026-04-22T07:40:38Z
58.552608,32.68018,25750,358,2026-04-22T07:41:09Z
58.562954,32.663059,25500,358,2026-04-22T07:41:18Z
58.575691,32.641739,25200,356,2026-04-22T07:41:28Z
58.578262,32.637836,25125,356,2026-04-22T07:41:30Z
58.580734,32.633808,25075,354,2026-04-22T07:41:32Z
58.583351,32.629578,25000,354,2026-04-22T07:41:34Z
58.58596,32.625233,24950,354,2026-04-22T07:41:36Z
58.593678,32.612408,24775,354,2026-04-22T07:41:42Z
58.631397,32.549976,23900,350,2026-04-22T07:42:13Z
58.643997,32.529236,23600,350,2026-04-22T07:42:24Z
58.68251,32.465252,22700,346,2026-04-22T07:42:55Z
58.719978,32.403149,21825,344,2026-04-22T07:43:27Z
58.747532,32.356705,21200,342,2026-04-22T07:43:50Z
58.750042,32.352634,21125,342,2026-04-22T07:43:52Z
58.752396,32.348576,21100,342,2026-04-22T07:43:54Z
58.754871,32.344475,21025,340,2026-04-22T07:43:56Z
58.757332,32.34045,20975,340,2026-04-22T07:43:58Z
58.759823,32.335686,20925,340,2026-04-22T07:44:00Z
58.762035,32.33226,20875,340,2026-04-22T07:44:02Z
58.764462,32.327774,20825,340,2026-04-22T07:44:04Z
58.766953,32.324005,20750,340,2026-04-22T07:44:06Z
58.769501,32.319946,20700,338,2026-04-22T07:44:08Z
58.771915,32.315945,20650,338,2026-04-22T07:44:10Z
58.774277,32.311848,20600,338,2026-04-22T07:44:12Z
58.776699,32.307861,20525,338,2026-04-22T07:44:14Z
58.779182,32.303616,20475,338,2026-04-22T07:44:17Z
58.781898,32.299053,20400,338,2026-04-22T07:44:19Z
58.784248,32.295143,20350,338,2026-04-22T07:44:21Z
58.786613,32.291157,20300,338,2026-04-22T07:44:23Z
58.789055,32.287231,20250,336,2026-04-22T07:44:25Z
58.791416,32.283314,20200,336,2026-04-22T07:44:27Z
58.793812,32.279064,20125,336,2026-04-22T07:44:29Z
58.796177,32.274963,20075,336,2026-04-22T07:44:31Z
58.832279,32.213936,19250,332,2026-04-22T07:45:02Z
58.867332,32.153511,18425,326,2026-04-22T07:45:33Z
58.901909,32.093033,17625,322,2026-04-22T07:46:05Z
58.936363,32.033432,16800,322,2026-04-22T07:46:36Z
58.971378,31.973125,15950,322,2026-04-22T07:47:07Z
59.005947,31.914171,15125,320,2026-04-22T07:47:39Z
59.00843,31.910019,15075,320,2026-04-22T07:47:41Z
59.010723,31.906242,15000,320,2026-04-22T07:47:43Z
59.012894,31.902361,14950,320,2026-04-22T07:47:45Z
59.015133,31.898458,14900,320,2026-04-22T07:47:47Z
59.017464,31.894426,14850,320,2026-04-22T07:47:49Z
59.019672,31.890497,14800,320,2026-04-22T07:47:51Z
59.021961,31.886278,14725,318,2026-04-22T07:47:53Z
59.056953,31.826674,13900,316,2026-04-22T07:48:25Z
59.090759,31.768402,13125,314,2026-04-22T07:48:56Z
59.123711,31.711645,12650,298,2026-04-22T07:49:27Z
59.151546,31.664234,12000,296,2026-04-22T07:49:54Z
59.155621,31.657856,11900,296,2026-04-22T07:49:59Z
59.157742,31.654222,11850,296,2026-04-22T07:50:01Z
59.159805,31.650089,11800,296,2026-04-22T07:50:03Z
59.162052,31.645498,11750,296,2026-04-22T07:50:05Z
59.164162,31.641409,11700,296,2026-04-22T07:50:07Z
59.16634,31.637465,11650,296,2026-04-22T07:50:09Z
59.168247,31.634232,11600,296,2026-04-22T07:50:11Z
59.170425,31.630856,11550,296,2026-04-22T07:50:13Z
59.172398,31.627586,11500,296,2026-04-22T07:50:15Z
59.174534,31.624014,11450,296,2026-04-22T07:50:17Z
59.176777,31.619753,11400,296,2026-04-22T07:50:19Z
59.179031,31.615871,11350,296,2026-04-22T07:50:22Z
59.181011,31.612396,11300,296,2026-04-22T07:50:24Z
59.183098,31.608564,11250,296,2026-04-22T07:50:26Z
59.185177,31.604897,11200,296,2026-04-22T07:50:28Z
59.18737,31.600996,11175,294,2026-04-22T07:50:30Z
59.201962,31.57486,10825,294,2026-04-22T07:50:44Z
59.214638,31.552773,10525,294,2026-04-22T07:50:57Z
59.218605,31.546217,10425,294,2026-04-22T07:51:01Z
59.220222,31.54458,10350,294,2026-04-22T07:51:03Z
59.222134,31.541361,10275,294,2026-04-22T07:51:06Z
59.224178,31.53754,10225,294,2026-04-22T07:51:08Z
59.225979,31.53512,10175,294,2026-04-22T07:51:10Z
59.227924,31.532118,10125,292,2026-04-22T07:51:12Z
59.23003,31.528978,10075,292,2026-04-22T07:51:14Z
59.231197,31.528114,10000,292,2026-04-22T07:51:16Z
59.232384,31.526196,9925,292,2026-04-22T07:51:18Z
59.233723,31.523838,9875,294,2026-04-22T07:51:20Z
59.235432,31.520702,9825,294,2026-04-22T07:51:22Z
59.237457,31.516735,9775,294,2026-04-22T07:51:24Z
59.239895,31.512367,9725,294,2026-04-22T07:51:26Z
59.242195,31.508617,9675,292,2026-04-22T07:51:28Z
59.244785,31.503542,9625,292,2026-04-22T07:51:30Z
59.247227,31.499266,9600,292,2026-04-22T07:51:32Z
59.249332,31.49551,9575,290,2026-04-22T07:51:35Z
59.251709,31.491339,9525,290,2026-04-22T07:51:37Z
59.254272,31.48645,9500,288,2026-04-22T07:51:39Z
59.256973,31.481947,9500,286,2026-04-22T07:51:41Z
59.260147,31.4758,9475,286,2026-04-22T07:51:43Z
59.261765,31.472689,9450,284,2026-04-22T07:51:45Z
59.26376,31.468824,9450,282,2026-04-22T07:51:47Z
59.265686,31.464903,9425,282,2026-04-22T07:51:49Z
59.267651,31.461521,9400,280,2026-04-22T07:51:51Z
59.270081,31.457302,9375,278,2026-04-22T07:51:53Z
59.276585,31.445557,9325,274,2026-04-22T07:52:00Z
59.278618,31.441963,9275,272,2026-04-22T07:52:02Z
59.280888,31.437708,9250,270,2026-04-22T07:52:04Z
59.282795,31.434477,9225,268,2026-04-22T07:52:06Z
59.284664,31.43157,9175,264,2026-04-22T07:52:08Z
59.286682,31.427776,9150,262,2026-04-22T07:52:10Z
59.288506,31.424391,9125,260,2026-04-22T07:52:12Z
59.29015,31.421465,9075,258,2026-04-22T07:52:14Z
59.292053,31.418261,9050,256,2026-04-22T07:52:16Z
59.29356,31.415869,9000,254,2026-04-22T07:52:18Z
59.29517,31.41362,8950,254,2026-04-22T07:52:21Z
59.296455,31.411774,8925,252,2026-04-22T07:52:23Z
59.298096,31.408751,8875,250,2026-04-22T07:52:25Z
59.300663,31.403536,8850,250,2026-04-22T07:52:27Z
59.302479,31.400734,8800,250,2026-04-22T07:52:29Z
59.304237,31.397503,8775,250,2026-04-22T07:52:31Z
59.306286,31.39381,8725,250,2026-04-22T07:52:33Z
59.308277,31.390093,8700,248,2026-04-22T07:52:35Z
59.311783,31.384518,8625,248,2026-04-22T07:52:39Z
59.313602,31.380869,8575,248,2026-04-22T07:52:41Z
59.315266,31.377872,8550,248,2026-04-22T07:52:43Z
59.317055,31.374626,8500,248,2026-04-22T07:52:46Z
59.318649,31.371737,8475,248,2026-04-22T07:52:48Z
59.320606,31.368887,8425,248,2026-04-22T07:52:50Z
59.322186,31.366217,8400,248,2026-04-22T07:52:52Z
59.323914,31.36318,8350,246,2026-04-22T07:52:54Z
59.325401,31.36046,8325,246,2026-04-22T07:52:56Z
59.326767,31.357887,8275,246,2026-04-22T07:52:58Z
59.328304,31.355398,8250,246,2026-04-22T07:53:00Z
59.329754,31.353537,8225,246,2026-04-22T07:53:02Z
59.331425,31.351212,8175,246,2026-04-22T07:53:04Z
59.33297,31.348654,8125,246,2026-04-22T07:53:07Z
59.334423,31.346607,8075,246,2026-04-22T07:53:09Z
59.336227,31.343431,8025,246,2026-04-22T07:53:11Z
59.337849,31.3405,7975,246,2026-04-22T07:53:13Z
59.339336,31.338406,7925,246,2026-04-22T07:53:15Z
59.341015,31.335648,7900,246,2026-04-22T07:53:17Z
59.343048,31.332266,7875,246,2026-04-22T07:53:19Z
59.345325,31.327656,7825,244,2026-04-22T07:53:21Z
59.347252,31.324129,7800,244,2026-04-22T07:53:23Z
59.349415,31.319519,7775,244,2026-04-22T07:53:25Z
59.351254,31.315973,7750,244,2026-04-22T07:53:27Z
59.353058,31.312519,7700,242,2026-04-22T07:53:29Z
59.354687,31.309507,7675,242,2026-04-22T07:53:31Z
59.356415,31.306904,7625,242,2026-04-22T07:53:34Z
59.358013,31.304441,7600,242,2026-04-22T07:53:36Z
59.359566,31.302797,7550,242,2026-04-22T07:53:38Z
59.362431,31.296623,7475,242,2026-04-22T07:53:41Z
59.363785,31.296022,7450,242,2026-04-22T07:53:43Z
59.364658,31.295647,7425,242,2026-04-22T07:53:45Z
59.367191,31.289576,7400,240,2026-04-22T07:53:47Z
59.3689,31.286007,7375,240,2026-04-22T07:53:49Z
59.370571,31.283064,7350,238,2026-04-22T07:53:51Z
59.371777,31.282656,7350,236,2026-04-22T07:53:53Z
59.375896,31.273611,7350,234,2026-04-22T07:53:56Z
59.377533,31.270903,7325,232,2026-04-22T07:53:58Z
59.379173,31.268805,7325,232,2026-04-22T07:54:00Z
59.380714,31.265747,7300,230,2026-04-22T07:54:03Z
59.382549,31.262047,7275,228,2026-04-22T07:54:05Z
59.384354,31.258934,7225,228,2026-04-22T07:54:07Z
59.386219,31.255535,7200,226,2026-04-22T07:54:09Z
59.387405,31.254389,7175,224,2026-04-22T07:54:11Z
59.388897,31.251682,7150,222,2026-04-22T07:54:13Z
59.391773,31.245754,7125,220,2026-04-22T07:54:16Z
59.393314,31.244383,7125,218,2026-04-22T07:54:18Z
59.395065,31.240604,7100,218,2026-04-22T07:54:20Z
59.396473,31.238289,7100,216,2026-04-22T07:54:22Z
59.397614,31.237837,7100,214,2026-04-22T07:54:24Z
59.399033,31.235115,7100,214,2026-04-22T07:54:26Z
59.40073,31.232582,7075,212,2026-04-22T07:54:28Z
59.403931,31.224762,7075,210,2026-04-22T07:54:32Z
59.40591,31.222118,7050,208,2026-04-22T07:54:35Z
59.407413,31.219616,7025,208,2026-04-22T07:54:37Z
59.409012,31.21734,7000,206,2026-04-22T07:54:39Z
59.410328,31.21497,7000,204,2026-04-22T07:54:41Z
59.411751,31.212521,6975,204,2026-04-22T07:54:43Z
59.413326,31.209728,6975,202,2026-04-22T07:54:45Z
59.414677,31.207857,6950,202,2026-04-22T07:54:47Z
59.415409,31.206547,6950,200,2026-04-22T07:54:48Z
59.41835,31.201963,6925,198,2026-04-22T07:54:52Z
59.419498,31.199627,6900,198,2026-04-22T07:54:55Z
59.421131,31.19725,6900,198,2026-04-22T07:54:57Z
59.422459,31.194397,6875,196,2026-04-22T07:54:59Z
59.42614,31.187855,6825,196,2026-04-22T07:55:04Z
59.42754,31.185349,6800,196,2026-04-22T07:55:06Z
59.428936,31.182556,6775,196,2026-04-22T07:55:08Z
59.430279,31.180094,6725,196,2026-04-22T07:55:10Z
59.431587,31.177572,6700,196,2026-04-22T07:55:12Z
59.433132,31.174871,6675,196,2026-04-22T07:55:14Z
59.434513,31.172457,6625,196,2026-04-22T07:55:16Z
59.435951,31.170061,6600,196,2026-04-22T07:55:18Z
59.437218,31.1679,6550,196,2026-04-22T07:55:20Z
59.438599,31.165359,6525,196,2026-04-22T07:55:22Z
59.439945,31.162788,6475,196,2026-04-22T07:55:25Z
59.441387,31.159986,6450,196,2026-04-22T07:55:27Z
59.442944,31.156836,6425,196,2026-04-22T07:55:29Z
59.444275,31.154499,6375,196,2026-04-22T07:55:31Z
59.445786,31.151939,6350,196,2026-04-22T07:55:33Z
59.447159,31.149595,6300,196,2026-04-22T07:55:35Z
59.448593,31.147142,6250,196,2026-04-22T07:55:37Z
59.449955,31.144876,6225,196,2026-04-22T07:55:39Z
59.451443,31.142239,6175,196,2026-04-22T07:55:42Z
59.452759,31.140039,6150,196,2026-04-22T07:55:44Z
59.454254,31.137243,6125,196,2026-04-22T07:55:46Z
59.455441,31.135132,6100,196,2026-04-22T07:55:48Z
59.456818,31.13273,6050,196,2026-04-22T07:55:50Z
59.458282,31.130236,6025,196,2026-04-22T07:55:52Z
59.459724,31.127832,6000,194,2026-04-22T07:55:54Z
59.46104,31.12525,5975,194,2026-04-22T07:55:56Z
59.462288,31.122507,5950,194,2026-04-22T07:55:58Z
59.463573,31.119856,5925,194,2026-04-22T07:56:00Z
59.465034,31.117239,5875,194,2026-04-22T07:56:02Z
59.466583,31.115671,5825,194,2026-04-22T07:56:04Z
59.467999,31.113018,5775,196,2026-04-22T07:56:06Z
59.469215,31.110771,5750,196,2026-04-22T07:56:08Z
59.470592,31.107878,5700,196,2026-04-22T07:56:10Z
59.47205,31.105011,5675,196,2026-04-22T07:56:12Z
59.473301,31.102587,5650,196,2026-04-22T07:56:15Z
59.474724,31.100313,5625,198,2026-04-22T07:56:17Z
59.476131,31.098061,5600,198,2026-04-22T07:56:19Z
59.477741,31.095125,5550,198,2026-04-22T07:56:21Z
59.479034,31.092596,5525,198,2026-04-22T07:56:23Z
59.480122,31.090494,5500,198,2026-04-22T07:56:25Z
59.481693,31.087389,5475,198,2026-04-22T07:56:27Z
59.483273,31.085533,5450,196,2026-04-22T07:56:29Z
59.484509,31.082813,5425,196,2026-04-22T07:56:31Z
59.485954,31.080072,5425,194,2026-04-22T07:56:33Z
59.487293,31.077852,5400,194,2026-04-22T07:56:35Z
59.488605,31.075363,5375,194,2026-04-22T07:56:37Z
59.489971,31.072916,5350,192,2026-04-22T07:56:39Z
59.49147,31.070309,5300,192,2026-04-22T07:56:42Z
59.49279,31.0679,5275,194,2026-04-22T07:56:44Z
59.494072,31.0655,5225,194,2026-04-22T07:56:46Z
59.495712,31.062946,5175,194,2026-04-22T07:56:48Z
59.496677,31.061001,5150,194,2026-04-22T07:56:50Z
59.498367,31.057997,5100,194,2026-04-22T07:56:52Z
59.499645,31.05525,5050,196,2026-04-22T07:56:54Z
59.501026,31.053024,5000,196,2026-04-22T07:56:56Z
59.50248,31.050444,4925,196,2026-04-22T07:56:58Z
59.503807,31.047882,4875,198,2026-04-22T07:57:00Z
59.505215,31.045311,4825,200,2026-04-22T07:57:02Z
59.506653,31.04328,4775,200,2026-04-22T07:57:04Z
59.50803,31.040785,4725,202,2026-04-22T07:57:06Z
59.509571,31.038151,4675,202,2026-04-22T07:57:09Z
59.511082,31.034809,4625,204,2026-04-22T07:57:11Z
59.512394,31.032537,4575,204,2026-04-22T07:57:13Z
59.514107,31.030766,4550,204,2026-04-22T07:57:15Z
59.515499,31.027168,4500,204,2026-04-22T07:57:17Z
59.517029,31.024281,4475,206,2026-04-22T07:57:19Z
59.518475,31.021677,4450,206,2026-04-22T07:57:22Z
59.520084,31.019014,4425,206,2026-04-22T07:57:24Z
59.521622,31.016384,4400,208,2026-04-22T07:57:26Z
59.523212,31.014082,4375,208,2026-04-22T07:57:28Z
59.524868,31.011227,4375,208,2026-04-22T07:57:30Z
59.52634,31.008856,4350,206,2026-04-22T07:57:32Z
59.52795,31.006247,4325,206,2026-04-22T07:57:34Z
59.529381,31.003511,4300,206,2026-04-22T07:57:37Z
59.530888,31.00095,4300,206,2026-04-22T07:57:39Z
59.532295,30.998199,4275,206,2026-04-22T07:57:41Z
59.533688,30.995333,4250,206,2026-04-22T07:57:43Z
59.535206,30.992922,4250,204,2026-04-22T07:57:45Z
59.536808,30.990088,4225,204,2026-04-22T07:57:47Z
59.538128,30.988071,4225,204,2026-04-22T07:57:49Z
59.539677,30.985271,4200,202,2026-04-22T07:57:51Z
59.541187,30.982632,4200,202,2026-04-22T07:57:53Z
59.542614,30.980139,4175,202,2026-04-22T07:57:55Z
59.544006,30.977594,4175,200,2026-04-22T07:57:58Z
59.545742,30.974239,4150,200,2026-04-22T07:58:00Z
59.547119,30.971611,4125,198,2026-04-22T07:58:02Z
59.548672,30.969305,4100,198,2026-04-22T07:58:04Z
59.549892,30.966686,4100,198,2026-04-22T07:58:06Z
59.551491,30.964336,4100,198,2026-04-22T07:58:08Z
59.552715,30.961693,4075,198,2026-04-22T07:58:10Z
59.554153,30.959124,4075,198,2026-04-22T07:58:13Z
59.555492,30.95632,4050,198,2026-04-22T07:58:15Z
59.55706,30.953424,4050,198,2026-04-22T07:58:17Z
59.558472,30.951027,4025,198,2026-04-22T07:58:19Z
59.559872,30.948458,4025,200,2026-04-22T07:58:21Z
59.5611,30.945421,4000,200,2026-04-22T07:58:24Z
59.563007,30.942724,4000,200,2026-04-22T07:58:26Z
59.564342,30.94018,3975,202,2026-04-22T07:58:28Z
59.565845,30.937532,3950,202,2026-04-22T07:58:30Z
59.567341,30.935137,3925,202,2026-04-22T07:58:32Z
59.568867,30.932505,3900,200,2026-04-22T07:58:34Z
59.570389,30.930359,3900,200,2026-04-22T07:58:36Z
59.571693,30.92741,3875,200,2026-04-22T07:58:38Z
59.5732,30.92522,3875,200,2026-04-22T07:58:40Z
59.575085,30.921431,3850,200,2026-04-22T07:58:43Z
59.575729,30.91942,3825,198,2026-04-22T07:58:45Z
59.577957,30.917017,3825,196,2026-04-22T07:58:47Z
59.5788,30.913849,3800,196,2026-04-22T07:58:49Z
59.580254,30.911873,3800,194,2026-04-22T07:58:51Z
59.581692,30.909374,3775,194,2026-04-22T07:58:53Z
59.583412,30.906038,3775,192,2026-04-22T07:58:56Z
59.584797,30.903284,3750,192,2026-04-22T07:58:58Z
59.586452,30.902704,3750,192,2026-04-22T07:59:00Z
59.587627,30.899895,3750,194,2026-04-22T07:59:02Z
59.589706,30.897009,3750,194,2026-04-22T07:59:04Z
59.590099,30.894028,3725,196,2026-04-22T07:59:06Z
59.592056,30.890808,3700,196,2026-04-22T07:59:08Z
59.594162,30.887335,3675,196,2026-04-22T07:59:12Z
59.595135,30.884151,3650,194,2026-04-22T07:59:14Z
59.596516,30.883163,3650,192,2026-04-22T07:59:16Z
59.598114,30.880123,3625,192,2026-04-22T07:59:18Z
59.599239,30.877642,3600,192,2026-04-22T07:59:20Z
59.600502,30.874626,3600,192,2026-04-22T07:59:22Z
59.602867,30.870811,3575,192,2026-04-22T07:59:25Z
59.604393,30.868896,3575,194,2026-04-22T07:59:28Z
59.605732,30.866455,3575,196,2026-04-22T07:59:30Z
59.607319,30.864054,3550,196,2026-04-22T07:59:32Z
59.608582,30.861557,3550,196,2026-04-22T07:59:34Z
59.60984,30.858694,3525,196,2026-04-22T07:59:36Z
59.611145,30.856167,3500,198,2026-04-22T07:59:38Z
59.612537,30.853735,3500,198,2026-04-22T07:59:40Z
59.614052,30.851343,3475,198,2026-04-22T07:59:42Z
59.615658,30.84903,3450,198,2026-04-22T07:59:44Z
59.617119,30.846163,3425,196,2026-04-22T07:59:46Z
59.618763,30.842812,3400,196,2026-04-22T07:59:49Z
59.619888,30.841133,3400,194,2026-04-22T07:59:51Z
59.621304,30.838451,3375,194,2026-04-22T07:59:53Z
59.622604,30.83593,3375,190,2026-04-22T07:59:55Z
59.623917,30.833496,3350,190,2026-04-22T07:59:57Z
59.62534,30.830864,3350,190,2026-04-22T07:59:59Z
59.626709,30.828468,3325,190,2026-04-22T08:00:02Z
59.628048,30.826115,3325,190,2026-04-22T08:00:04Z
59.62944,30.823574,3300,190,2026-04-22T08:00:06Z
59.631004,30.820807,3300,192,2026-04-22T08:00:08Z
59.632286,30.818203,3300,194,2026-04-22T08:00:10Z
59.633644,30.815857,3300,196,2026-04-22T08:00:12Z
59.635525,30.812649,3250,198,2026-04-22T08:00:14Z
59.636833,30.810417,3250,200,2026-04-22T08:00:16Z
59.638031,30.808149,3225,202,2026-04-22T08:00:18Z
59.639305,30.805105,3200,202,2026-04-22T08:00:21Z
59.640965,30.80201,3200,200,2026-04-22T08:00:23Z
59.64233,30.799519,3175,200,2026-04-22T08:00:25Z
59.644218,30.796585,3150,198,2026-04-22T08:00:27Z
59.645351,30.794739,3125,196,2026-04-22T08:00:30Z
59.647182,30.7917,3100,196,2026-04-22T08:00:32Z
59.648571,30.789082,3100,192,2026-04-22T08:00:34Z
59.649967,30.786674,3075,192,2026-04-22T08:00:36Z
59.651287,30.783981,3075,190,2026-04-22T08:00:38Z
59.652634,30.781475,3050,190,2026-04-22T08:00:41Z
59.654377,30.778276,3025,188,2026-04-22T08:00:43Z
59.655823,30.77556,3025,188,2026-04-22T08:00:45Z
59.657753,30.772753,3000,186,2026-04-22T08:00:48Z
59.659454,30.770012,3000,184,2026-04-22T08:00:50Z
59.660175,30.767534,2975,182,2026-04-22T08:00:52Z
59.661617,30.765133,2950,180,2026-04-22T08:00:54Z
59.663044,30.763187,2950,180,2026-04-22T08:00:57Z
59.663986,30.760565,2925,178,2026-04-22T08:00:59Z
59.665058,30.758427,2925,176,2026-04-22T08:01:01Z
59.666466,30.756033,2900,176,2026-04-22T08:01:03Z
59.66745,30.753794,2875,172,2026-04-22T08:01:05Z
59.66819,30.752918,2875,172,2026-04-22T08:01:07Z
59.670158,30.747868,2850,170,2026-04-22T08:01:09Z
59.672104,30.746017,2850,168,2026-04-22T08:01:12Z
59.673218,30.743853,2850,166,2026-04-22T08:01:15Z
59.67395,30.740091,2825,166,2026-04-22T08:01:17Z
59.675755,30.739609,2800,166,2026-04-22T08:01:19Z
59.676826,30.736416,2800,166,2026-04-22T08:01:21Z
59.677948,30.734018,2775,164,2026-04-22T08:01:24Z
59.678852,30.731384,2775,164,2026-04-22T08:01:26Z
59.680283,30.729424,2750,160,2026-04-22T08:01:28Z
59.680241,30.731012,2750,158,2026-04-22T08:01:32Z
59.684906,30.721394,2750,156,2026-04-22T08:01:36Z
59.684181,30.723799,2775,156,2026-04-22T08:01:40Z
59.688789,30.713696,2775,158,2026-04-22T08:01:44Z
59.690567,30.7127,2775,158,2026-04-22T08:01:46Z
59.690937,30.709019,2750,160,2026-04-22T08:01:49Z
59.692974,30.706781,2725,162,2026-04-22T08:01:51Z
59.693977,30.704815,2725,162,2026-04-22T08:01:53Z
59.695179,30.702648,2750,160,2026-04-22T08:01:56Z
59.695736,30.700758,2750,162,2026-04-22T08:01:59Z
59.699024,30.696632,2750,162,2026-04-22T08:02:02Z
59.700169,30.694691,2750,164,2026-04-22T08:02:04Z
59.701572,30.692234,2750,168,2026-04-22T08:02:07Z
59.702789,30.689976,2750,168,2026-04-22T08:02:09Z
59.703934,30.687752,2750,168,2026-04-22T08:02:11Z
59.705402,30.685156,2725,168,2026-04-22T08:02:13Z
59.706383,30.683548,2750,166,2026-04-22T08:02:15Z
59.707672,30.680946,2750,166,2026-04-22T08:02:17Z
59.708675,30.679062,2750,164,2026-04-22T08:02:19Z
59.709949,30.676479,2775,164,2026-04-22T08:02:22Z
59.71106,30.6744,2750,164,2026-04-22T08:02:24Z
59.71225,30.672298,2750,164,2026-04-22T08:02:26Z
59.713474,30.670101,2750,162,2026-04-22T08:02:28Z
59.714588,30.667643,2750,162,2026-04-22T08:02:30Z
59.716045,30.664871,2750,160,2026-04-22T08:02:33Z
59.716946,30.663273,2750,160,2026-04-22T08:02:35Z
59.718193,30.661394,2750,160,2026-04-22T08:02:37Z
59.719852,30.659521,2750,160,2026-04-22T08:02:39Z
59.721691,30.65571,2750,162,2026-04-22T08:02:42Z
59.722645,30.654303,2750,162,2026-04-22T08:02:44Z
59.723812,30.652102,2750,162,2026-04-22T08:02:47Z
59.72485,30.649342,2750,164,2026-04-22T08:02:49Z
59.726181,30.647411,2775,164,2026-04-22T08:02:51Z
59.727421,30.644974,2750,164,2026-04-22T08:02:53Z
59.728443,30.64283,2750,164,2026-04-22T08:02:55Z
59.729576,30.640516,2750,164,2026-04-22T08:02:58Z
59.730732,30.638325,2750,164,2026-04-22T08:03:00Z
59.732082,30.635767,2750,158,2026-04-22T08:03:02Z
59.732407,30.635225,2750,158,2026-04-22T08:03:05Z
59.735485,30.629221,2750,156,2026-04-22T08:03:08Z
59.736462,30.627399,2750,152,2026-04-22T08:03:11Z
59.737667,30.625866,2750,152,2026-04-22T08:03:13Z
59.739048,30.623241,2750,148,2026-04-22T08:03:15Z
59.739822,30.621721,2775,144,2026-04-22T08:03:17Z
59.740982,30.620083,2775,142,2026-04-22T08:03:19Z
59.742119,30.618158,2775,140,2026-04-22T08:03:22Z
59.743488,30.615829,2800,140,2026-04-22T08:03:24Z
59.744274,30.614359,2800,142,2026-04-22T08:03:26Z
59.74577,30.61167,2775,140,2026-04-22T08:03:29Z
59.746696,30.609901,2775,140,2026-04-22T08:03:31Z
59.747704,30.60824,2775,140,2026-04-22T08:03:33Z
59.748718,30.606354,2750,140,2026-04-22T08:03:35Z
59.749763,30.604601,2750,142,2026-04-22T08:03:37Z
59.750786,30.602606,2750,142,2026-04-22T08:03:39Z
59.751778,30.600843,2750,140,2026-04-22T08:03:42Z
59.752831,30.598879,2750,140,2026-04-22T08:03:44Z
59.753754,30.597191,2750,138,2026-04-22T08:03:46Z
59.754761,30.594917,2750,138,2026-04-22T08:03:48Z
59.755486,30.59255,2750,136,2026-04-22T08:03:50Z
59.756172,30.590204,2750,136,2026-04-22T08:03:52Z
59.756618,30.58783,2775,134,2026-04-22T08:03:55Z
59.757339,30.58432,2775,134,2026-04-22T08:03:58Z
59.757885,30.581722,2775,125,2026-04-22T08:04:00Z
59.758392,30.579367,2775,133,2026-04-22T08:04:02Z
59.758873,30.576992,2750,133,2026-04-22T08:04:04Z
59.759357,30.574547,2750,138,2026-04-22T08:04:06Z
59.759888,30.572159,2750,138,2026-04-22T08:04:08Z
59.760445,30.56938,2750,138,2026-04-22T08:04:10Z
59.760902,30.567059,2750,136,2026-04-22T08:04:13Z
59.761356,30.564695,2750,136,2026-04-22T08:04:15Z
59.761822,30.562132,2750,136,2026-04-22T08:04:17Z
59.762299,30.55965,2750,136,2026-04-22T08:04:19Z
59.762768,30.556723,2750,134,2026-04-22T08:04:22Z
59.763218,30.553619,2750,137,2026-04-22T08:04:24Z
59.76368,30.55085,2750,134,2026-04-22T08:04:26Z
59.764133,30.54801,2750,136,2026-04-22T08:04:29Z
59.764652,30.545124,2750,136,2026-04-22T08:04:31Z
59.765144,30.542467,2750,136,2026-04-22T08:04:33Z
59.76553,30.539894,2725,136,2026-04-22T08:04:36Z
59.765884,30.537302,2700,136,2026-04-22T08:04:38Z
59.766418,30.534586,2675,136,2026-04-22T08:04:40Z
59.766865,30.532351,2675,138,2026-04-22T08:04:42Z
59.76722,30.529892,2650,138,2026-04-22T08:04:44Z
59.767693,30.526865,2625,138,2026-04-22T08:04:46Z
59.768085,30.524052,2600,138,2026-04-22T08:04:49Z
59.768627,30.521269,2600,136,2026-04-22T08:04:51Z
59.768631,30.518892,2575,136,2026-04-22T08:04:53Z
59.7691,30.516001,2525,136,2026-04-22T08:04:55Z
59.769379,30.513613,2500,134,2026-04-22T08:04:58Z
59.769775,30.511343,2450,134,2026-04-22T08:05:00Z
59.770126,30.508873,2425,134,2026-04-22T08:05:02Z
59.770561,30.506241,2400,134,2026-04-22T08:05:04Z
59.77092,30.504072,2375,134,2026-04-22T08:05:06Z
59.771362,30.501108,2350,134,2026-04-22T08:05:08Z
59.771675,30.498674,2350,134,2026-04-22T08:05:10Z
59.772114,30.496407,2300,134,2026-04-22T08:05:12Z
59.772453,30.494019,2300,134,2026-04-22T08:05:14Z
59.772907,30.491749,2250,70,2026-04-22T08:05:17Z
59.773468,30.487942,2225,132,2026-04-22T08:05:20Z
59.774174,30.484444,2200,150,2026-04-22T08:05:22Z
59.77462,30.479881,2150,134,2026-04-22T08:05:26Z
59.775677,30.472677,2075,136,2026-04-22T08:05:33Z
59.776543,30.468094,2025,136,2026-04-22T08:05:37Z
59.776859,30.464977,1975,136,2026-04-22T08:05:39Z
59.777336,30.461826,1950,136,2026-04-22T08:05:42Z
59.778008,30.457254,1925,136,2026-04-22T08:05:45Z
59.782345,30.429064,1600,134,2026-04-22T08:06:09Z
59.787052,30.396904,1300,128,2026-04-22T08:06:37Z
59.788456,30.386637,1200,134,2026-04-22T08:06:45Z
59.790058,30.369761,1075,134,2026-04-22T08:06:57Z
59.794125,30.347612,800,134,2026-04-22T08:07:18Z
59.804298,30.266008,0,6,2026-04-22T08:09:58Z
59.804264,30.266363,0,6,2026-04-22T08:10:04Z
59.80426,30.266602,0,7,2026-04-22T08:10:07Z
59.804226,30.266853,0,7,2026-04-22T08:10:11Z
59.804195,30.267168,0,8,2026-04-22T08:10:16Z
59.804146,30.267452,0,9,2026-04-22T08:10:19Z
59.804111,30.267677,0,7,2026-04-22T08:10:23Z
59.804066,30.267879,0,5,2026-04-22T08:10:28Z
59.80386,30.268089,0,7,2026-04-22T08:10:36Z
59.803658,30.267998,0,6,2026-04-22T08:10:43Z
59.803448,30.267832,0,6,2026-04-22T08:10:52Z
59.803242,30.2677,0,7,2026-04-22T08:10:59Z
59.80304,30.26757,0,7,2026-04-22T08:11:06Z
59.802818,30.267448,0,8,2026-04-22T08:11:12Z
59.802567,30.267311,0,9,2026-04-22T08:11:19Z
59.802189,30.267082,0,10,2026-04-22T08:11:27Z
59.801834,30.266876,0,11,2026-04-22T08:11:34Z
59.801479,30.26667,0,12,2026-04-22T08:11:41Z
59.801178,30.266481,0,9,2026-04-22T08:11:48Z
59.80077,30.266258,0,11,2026-04-22T08:11:57Z
59.800404,30.266052,0,10,2026-04-22T08:12:05Z
59.80014,30.265892,0,4,2026-04-22T08:12:14Z
59.7999,30.265984,0,5,2026-04-22T08:12:27Z
59.799809,30.266212,0,6,2026-04-22T08:12:33Z
59.799759,30.266459,0,5,2026-04-22T08:12:38Z
59.799736,30.266718,0,2,2026-04-22T08:12:48Z
59.799728,30.266922,0,1,2026-04-22T08:13:05Z
59.799694,30.267174,0,3,2026-04-22T08:17:58Z
59.799667,30.267429,0,4,2026-04-22T08:18:05Z
59.799633,30.267666,0,4,2026-04-22T08:18:12Z
59.799595,30.267879,0,3,2026-04-22T08:18:20Z
