Timestamp,UTC,Callsign,Position,Altitude,Speed,Direction
1776667133,2026-04-20T06:38:53Z,AFL010,"55.979141,37.418705",0,0,255
1776667519,2026-04-20T06:45:19Z,AFL010,"55.978718,37.421364",0,0,255
1776667590,2026-04-20T06:46:30Z,AFL010,"55.978741,37.421345",0,0,255
1776667900,2026-04-20T06:51:40Z,AFL010,"55.973396,37.399166",0,9,255
1776667910,2026-04-20T06:51:50Z,AFL010,"55.97319,37.398792",0,0,219
1776667942,2026-04-20T06:52:22Z,AFL010,"55.972897,37.398983",0,0,165
1776668076,2026-04-20T06:54:36Z,AFL010,"55.971703,37.399876",0,3,101
1776668199,2026-04-20T06:56:39Z,AFL010,"55.98037,37.472786",2500,148,82
1776668211,2026-04-20T06:56:51Z,AFL010,"55.981682,37.485382",2875,146,79
1776668217,2026-04-20T06:56:57Z,AFL010,"55.98246,37.493404",3075,144,80
1776668219,2026-04-20T06:56:59Z,AFL010,"55.982792,37.495258",3150,144,77
1776668221,2026-04-20T06:57:01Z,AFL010,"55.983093,37.497696",3250,142,77
1776668224,2026-04-20T06:57:04Z,AFL010,"55.983627,37.501934",3350,140,77
1776668227,2026-04-20T06:57:07Z,AFL010,"55.983929,37.504196",3475,138,77
1776668230,2026-04-20T06:57:10Z,AFL010,"55.984341,37.507202",3575,138,76
1776668232,2026-04-20T06:57:12Z,AFL010,"55.984695,37.509232",3650,136,75
1776668234,2026-04-20T06:57:14Z,AFL010,"55.985031,37.511784",3725,136,76
1776668238,2026-04-20T06:57:18Z,AFL010,"55.985653,37.516029",3850,136,75
1776668241,2026-04-20T06:57:21Z,AFL010,"55.986343,37.519455",3925,138,73
1776668243,2026-04-20T06:57:23Z,AFL010,"55.986675,37.521835",3950,142,73
1776668245,2026-04-20T06:57:25Z,AFL010,"55.986885,37.524372",3975,142,76
1776668248,2026-04-20T06:57:28Z,AFL010,"55.987259,37.526581",4000,146,75
1776668250,2026-04-20T06:57:30Z,AFL010,"55.987686,37.529221",4025,146,74
1776668252,2026-04-20T06:57:32Z,AFL010,"55.988094,37.531784",4050,148,74
1776668254,2026-04-20T06:57:34Z,AFL010,"55.988445,37.534164",4100,138,74
1776668256,2026-04-20T06:57:36Z,AFL010,"55.988918,37.537117",4125,154,74
1776668258,2026-04-20T06:57:38Z,AFL010,"55.989452,37.540154",4175,156,73
1776668260,2026-04-20T06:57:40Z,AFL010,"55.989773,37.542133",4200,156,73
1776668263,2026-04-20T06:57:43Z,AFL010,"55.990299,37.544922",4250,160,72
1776668265,2026-04-20T06:57:45Z,AFL010,"55.990757,37.547863",4275,152,349
1776668267,2026-04-20T06:57:47Z,AFL010,"55.991074,37.551247",4325,53,349
1776668275,2026-04-20T06:57:55Z,AFL010,"55.974655,37.399208",4475,53,5
1776668278,2026-04-20T06:57:58Z,AFL010,"55.993629,37.565903",4550,54,9
1776668299,2026-04-20T06:58:19Z,AFL010,"55.998589,37.594456",4925,53,38
1776668307,2026-04-20T06:58:27Z,AFL010,"56.000984,37.607517",5200,164,45
1776668330,2026-04-20T06:58:50Z,AFL010,"56.008141,37.646027",6150,54,90
1776668352,2026-04-20T06:59:12Z,AFL010,"56.025425,37.668003",7025,51,114
1776668367,2026-04-20T06:59:27Z,AFL010,"56.041695,37.665844",7400,249,145
1776668388,2026-04-20T06:59:48Z,AFL010,"56.065746,37.652515",8275,54,185
1776668408,2026-04-20T07:00:08Z,AFL010,"56.08836,37.637581",9050,53,212
1776668435,2026-04-20T07:00:35Z,AFL010,"56.110645,37.590179",10225,52,261
1776668456,2026-04-20T07:00:56Z,AFL010,"56.111931,37.538193",10725,54,292
1776668477,2026-04-20T07:01:17Z,AFL010,"56.101364,37.483345",11400,53,324
1776668497,2026-04-20T07:01:37Z,AFL010,"56.090267,37.427845",12050,54,355
1776668530,2026-04-20T07:02:10Z,AFL010,"56.08712,37.338242",13050,344,15
1776668538,2026-04-20T07:02:18Z,AFL010,"56.089413,37.314095",13200,54,62
1776668553,2026-04-20T07:02:33Z,AFL010,"56.093731,37.269058",13475,359,62
1776668555,2026-04-20T07:02:35Z,AFL010,"56.094311,37.263283",13500,365,62
1776668557,2026-04-20T07:02:37Z,AFL010,"56.094933,37.256824",13550,250,62
1776668559,2026-04-20T07:02:39Z,AFL010,"56.095547,37.250183",13600,381,62
1776668561,2026-04-20T07:02:41Z,AFL010,"56.096058,37.244297",13625,375,62
1776668564,2026-04-20T07:02:44Z,AFL010,"56.096764,37.237068",13675,53,104
1776668584,2026-04-20T07:03:04Z,AFL010,"56.102802,37.172462",14175,54,127
1776668604,2026-04-20T07:03:24Z,AFL010,"56.10881,37.106647",14850,54,159
1776668606,2026-04-20T07:03:26Z,AFL010,"56.109467,37.099537",14950,53,171
1776668627,2026-04-20T07:03:47Z,AFL010,"56.11544,37.031921",15600,55,205
1776668647,2026-04-20T07:04:07Z,AFL010,"56.121441,36.964115",16350,54,237
1776668668,2026-04-20T07:04:28Z,AFL010,"56.127522,36.892719",17175,54,268
1776668688,2026-04-20T07:04:48Z,AFL010,"56.133186,36.825508",18000,53,296
1776668702,2026-04-20T07:05:02Z,AFL010,"56.13681,36.782055",18475,416,352
1776668704,2026-04-20T07:05:04Z,AFL010,"56.13797,36.770958",18525,54,327
1776668721,2026-04-20T07:05:21Z,AFL010,"56.142422,36.715641",18950,417,352
1776668742,2026-04-20T07:05:42Z,AFL010,"56.149029,36.640099",19525,52,27
1776668751,2026-04-20T07:05:51Z,AFL010,"56.151394,36.611427",19800,431,20
1776668772,2026-04-20T07:06:12Z,AFL010,"56.157665,36.537174",20425,54,73
1776668793,2026-04-20T07:06:33Z,AFL010,"56.163898,36.462193",21025,53,105
1776668824,2026-04-20T07:07:04Z,AFL010,"56.172958,36.352802",21825,270,279
1776668826,2026-04-20T07:07:06Z,AFL010,"56.173679,36.343761",21900,280,279
1776668828,2026-04-20T07:07:08Z,AFL010,"56.174191,36.336094",21950,433,276
1776668830,2026-04-20T07:07:10Z,AFL010,"56.174744,36.32893",22025,438,277
1776668832,2026-04-20T07:07:12Z,AFL010,"56.175369,36.320969",22075,443,277
1776668834,2026-04-20T07:07:14Z,AFL010,"56.17627,36.311855",22125,447,279
1776668837,2026-04-20T07:07:17Z,AFL010,"56.177177,36.303234",22200,448,279
1776668839,2026-04-20T07:07:19Z,AFL010,"56.177898,36.296787",22275,445,280
1776668841,2026-04-20T07:07:21Z,AFL010,"56.178722,36.289692",22325,448,281
1776668843,2026-04-20T07:07:23Z,AFL010,"56.179771,36.281315",22375,449,282
1776668845,2026-04-20T07:07:25Z,AFL010,"56.180859,36.274044",22425,445,283
1776668847,2026-04-20T07:07:27Z,AFL010,"56.18206,36.266914",22500,445,285
1776668850,2026-04-20T07:07:30Z,AFL010,"56.183681,36.258274",22550,447,287
1776668852,2026-04-20T07:07:32Z,AFL010,"56.185055,36.251003",22625,452,287
1776668854,2026-04-20T07:07:34Z,AFL010,"56.186947,36.243065",22675,448,290
1776668856,2026-04-20T07:07:36Z,AFL010,"56.188816,36.236305",22750,445,293
1776668858,2026-04-20T07:07:38Z,AFL010,"56.190716,36.22937",22825,446,294
1776668860,2026-04-20T07:07:40Z,AFL010,"56.193039,36.221325",22875,443,296
1776668862,2026-04-20T07:07:42Z,AFL010,"56.194809,36.215649",22950,444,297
1776668865,2026-04-20T07:07:45Z,AFL010,"56.196922,36.209156",23000,442,298
1776668867,2026-04-20T07:07:47Z,AFL010,"56.199257,36.202888",23075,439,301
1776668869,2026-04-20T07:07:49Z,AFL010,"56.202255,36.195362",23125,370,307
1776668871,2026-04-20T07:07:51Z,AFL010,"56.204479,36.189915",23175,310,305
1776668873,2026-04-20T07:07:53Z,AFL010,"56.207199,36.183899",23225,439,308
1776668875,2026-04-20T07:07:55Z,AFL010,"56.209717,36.178539",23275,438,309
1776668877,2026-04-20T07:07:57Z,AFL010,"56.212624,36.172745",23325,430,310
1776668879,2026-04-20T07:07:59Z,AFL010,"56.215508,36.16687",23375,435,311
1776668881,2026-04-20T07:08:01Z,AFL010,"56.218719,36.160995",23425,435,312
1776668884,2026-04-20T07:08:04Z,AFL010,"56.222073,36.155483",23450,436,315
1776668886,2026-04-20T07:08:06Z,AFL010,"56.224945,36.150936",23525,439,316
1776668888,2026-04-20T07:08:08Z,AFL010,"56.22831,36.146229",23575,437,319
1776668890,2026-04-20T07:08:10Z,AFL010,"56.231956,36.14135",23625,439,321
1776668892,2026-04-20T07:08:12Z,AFL010,"56.235249,36.136982",23675,431,322
1776668894,2026-04-20T07:08:14Z,AFL010,"56.238937,36.132065",23725,431,322
1776668896,2026-04-20T07:08:16Z,AFL010,"56.242519,36.127552",23775,433,323
1776668899,2026-04-20T07:08:19Z,AFL010,"56.245396,36.123814",23825,434,323
1776668901,2026-04-20T07:08:21Z,AFL010,"56.248806,36.119423",23900,436,324
1776668903,2026-04-20T07:08:23Z,AFL010,"56.252541,36.114449",23925,437,323
1776668905,2026-04-20T07:08:25Z,AFL010,"56.255981,36.109779",23975,436,323
1776668907,2026-04-20T07:08:27Z,AFL010,"56.259254,36.105186",24025,438,322
1776668909,2026-04-20T07:08:29Z,AFL010,"56.263134,36.100159",24050,442,323
1776668911,2026-04-20T07:08:31Z,AFL010,"56.267235,36.094795",24100,438,323
1776668913,2026-04-20T07:08:33Z,AFL010,"56.26981,36.091312",24150,436,323
1776668916,2026-04-20T07:08:36Z,AFL010,"56.273018,36.086952",24175,440,323
1776668945,2026-04-20T07:09:05Z,AFL010,"56.321083,36.020741",24875,230,323
1776668947,2026-04-20T07:09:07Z,AFL010,"56.324368,36.015976",24925,431,321
1776668950,2026-04-20T07:09:10Z,AFL010,"56.32827,36.010506",24950,436,321
1776668952,2026-04-20T07:09:12Z,AFL010,"56.33215,36.005306",25000,443,322
1776668954,2026-04-20T07:09:14Z,AFL010,"56.335785,36.000351",25025,450,322
1776668985,2026-04-20T07:09:45Z,AFL010,"56.38636,35.929691",25600,457,321
1776668993,2026-04-20T07:09:53Z,AFL010,"56.400394,35.90966",25700,150,315
1776668996,2026-04-20T07:09:56Z,AFL010,"56.404026,35.904564",25725,220,314
1776668998,2026-04-20T07:09:58Z,AFL010,"56.407486,35.900177",25750,464,324
1776669000,2026-04-20T07:10:00Z,AFL010,"56.411221,35.895004",25800,459,323
1776669002,2026-04-20T07:10:02Z,AFL010,"56.41473,35.890018",25825,457,322
1776669004,2026-04-20T07:10:04Z,AFL010,"56.420315,35.885323",25850,470,341
1776669006,2026-04-20T07:10:06Z,AFL010,"56.422123,35.879841",25875,470,322
1776669008,2026-04-20T07:10:08Z,AFL010,"56.425571,35.875347",25925,260,327
1776669010,2026-04-20T07:10:10Z,AFL010,"56.430012,35.868973",25950,390,320
1776669012,2026-04-20T07:10:12Z,AFL010,"56.432484,35.865513",26000,200,327
1776669015,2026-04-20T07:10:15Z,AFL010,"56.43602,35.860012",26025,240,313
1776669017,2026-04-20T07:10:17Z,AFL010,"56.43993,35.854813",26075,462,320
1776669019,2026-04-20T07:10:19Z,AFL010,"56.443779,35.849823",26125,463,323
1776669021,2026-04-20T07:10:21Z,AFL010,"56.447052,35.845009",26150,250,320
1776669023,2026-04-20T07:10:23Z,AFL010,"56.450752,35.840187",26200,280,332
1776669025,2026-04-20T07:10:25Z,AFL010,"56.454716,35.834511",26250,486,326
1776669027,2026-04-20T07:10:27Z,AFL010,"56.45871,35.828922",26275,240,323
1776669029,2026-04-20T07:10:29Z,AFL010,"56.461666,35.824947",26325,270,323
1776669031,2026-04-20T07:10:31Z,AFL010,"56.465801,35.818722",26375,420,320
1776669034,2026-04-20T07:10:34Z,AFL010,"56.470142,35.813274",26425,410,325
1776669036,2026-04-20T07:10:36Z,AFL010,"56.473198,35.808598",26475,220,317
1776669038,2026-04-20T07:10:38Z,AFL010,"56.47678,35.804287",26500,340,334
1776669040,2026-04-20T07:10:40Z,AFL010,"56.480091,35.799179",26550,340,319
1776669042,2026-04-20T07:10:42Z,AFL010,"56.482761,35.79538",26575,40,322
1776669044,2026-04-20T07:10:44Z,AFL010,"56.487751,35.788921",26600,260,333
1776669046,2026-04-20T07:10:46Z,AFL010,"56.490803,35.784264",26650,478,320
1776669048,2026-04-20T07:10:48Z,AFL010,"56.49387,35.779789",26675,469,320
1776669051,2026-04-20T07:10:51Z,AFL010,"56.497684,35.774914",26700,290,324
1776669053,2026-04-20T07:10:53Z,AFL010,"56.501415,35.769932",26725,260,321
1776669055,2026-04-20T07:10:55Z,AFL010,"56.504948,35.764519",26775,476,320
1776669057,2026-04-20T07:10:57Z,AFL010,"56.509056,35.758858",26800,482,327
1776669059,2026-04-20T07:10:59Z,AFL010,"56.512497,35.753819",26825,475,321
1776669061,2026-04-20T07:11:01Z,AFL010,"56.516499,35.748314",26850,473,322
1776669063,2026-04-20T07:11:03Z,AFL010,"56.520805,35.742245",26900,473,322
1776669065,2026-04-20T07:11:05Z,AFL010,"56.524094,35.737164",26950,330,319
1776669068,2026-04-20T07:11:08Z,AFL010,"56.527878,35.732437",27000,290,317
1776669070,2026-04-20T07:11:10Z,AFL010,"56.530754,35.728275",27050,90,328
1776669072,2026-04-20T07:11:12Z,AFL010,"56.534893,35.722675",27100,240,325
1776669074,2026-04-20T07:11:14Z,AFL010,"56.538525,35.716583",27150,290,311
1776669076,2026-04-20T07:11:16Z,AFL010,"56.542683,35.711674",27250,475,323
1776669078,2026-04-20T07:11:18Z,AFL010,"56.547035,35.705799",27300,473,324
1776669081,2026-04-20T07:11:21Z,AFL010,"56.551033,35.700169",27375,500,322
1776669083,2026-04-20T07:11:23Z,AFL010,"56.554195,35.69561",27450,190,330
1776669086,2026-04-20T07:11:26Z,AFL010,"56.557652,35.69054",27550,140,323
1776669088,2026-04-20T07:11:28Z,AFL010,"56.563293,35.682987",27625,470,323
1776669090,2026-04-20T07:11:30Z,AFL010,"56.566601,35.677723",27700,474,319
1776669092,2026-04-20T07:11:32Z,AFL010,"56.569431,35.673824",27775,230,319
1776669094,2026-04-20T07:11:34Z,AFL010,"56.573009,35.668816",27900,250,316
1776669096,2026-04-20T07:11:36Z,AFL010,"56.577637,35.66272",28000,150,330
1776669098,2026-04-20T07:11:38Z,AFL010,"56.580193,35.658932",28100,20,320
1776669101,2026-04-20T07:11:41Z,AFL010,"56.585033,35.652218",28225,477,322
1776669103,2026-04-20T07:11:43Z,AFL010,"56.587502,35.648895",28350,230,323
1776669105,2026-04-20T07:11:45Z,AFL010,"56.591103,35.643559",28475,180,317
1776669107,2026-04-20T07:11:47Z,AFL010,"56.595058,35.639118",28575,360,328
1776669109,2026-04-20T07:11:49Z,AFL010,"56.598385,35.633251",28700,330,324
1776669111,2026-04-20T07:11:51Z,AFL010,"56.601681,35.628262",28850,453,320
1776669113,2026-04-20T07:11:53Z,AFL010,"56.605289,35.62323",28975,140,321
1776669116,2026-04-20T07:11:56Z,AFL010,"56.609383,35.617485",29125,310,322
1776669118,2026-04-20T07:11:58Z,AFL010,"56.613277,35.612518",29225,330,321
1776669120,2026-04-20T07:12:00Z,AFL010,"56.61636,35.607883",29350,220,321
1776669122,2026-04-20T07:12:02Z,AFL010,"56.619415,35.603832",29450,300,330
1776669124,2026-04-20T07:12:04Z,AFL010,"56.62368,35.597794",29550,330,326
1776669126,2026-04-20T07:12:06Z,AFL010,"56.626423,35.593719",29675,340,320
1776669128,2026-04-20T07:12:08Z,AFL010,"56.629299,35.589901",29750,230,322
1776669130,2026-04-20T07:12:10Z,AFL010,"56.63308,35.584496",29850,300,320
1776669132,2026-04-20T07:12:12Z,AFL010,"56.636677,35.579739",29900,442,323
1776669134,2026-04-20T07:12:14Z,AFL010,"56.639587,35.575344",29975,441,321
1776669137,2026-04-20T07:12:17Z,AFL010,"56.642925,35.570568",30025,441,321
1776669139,2026-04-20T07:12:19Z,AFL010,"56.64679,35.565639",30075,290,335
1776669141,2026-04-20T07:12:21Z,AFL010,"56.650234,35.560577",30125,442,323
1776669143,2026-04-20T07:12:23Z,AFL010,"56.654163,35.554745",30175,390,319
1776669145,2026-04-20T07:12:25Z,AFL010,"56.658688,35.547966",30225,442,320
1776669148,2026-04-20T07:12:28Z,AFL010,"56.662148,35.543343",30275,443,321
1776669151,2026-04-20T07:12:31Z,AFL010,"56.666714,35.537285",30325,436,325
1776669153,2026-04-20T07:12:33Z,AFL010,"56.668945,35.533882",30350,444,322
1776669155,2026-04-20T07:12:35Z,AFL010,"56.67321,35.527821",30400,260,322
1776669157,2026-04-20T07:12:37Z,AFL010,"56.676414,35.523716",30450,170,322
1776669159,2026-04-20T07:12:39Z,AFL010,"56.679398,35.518909",30475,200,312
1776669161,2026-04-20T07:12:41Z,AFL010,"56.682396,35.514984",30525,110,320
1776669163,2026-04-20T07:12:43Z,AFL010,"56.687012,35.508759",30575,320,325
1776669167,2026-04-20T07:12:47Z,AFL010,"56.692188,35.501904",30650,190,323
1776669169,2026-04-20T07:12:49Z,AFL010,"56.696445,35.497108",30675,430,333
1776669171,2026-04-20T07:12:51Z,AFL010,"56.699303,35.491726",30725,445,320
1776669173,2026-04-20T07:12:53Z,AFL010,"56.702507,35.487293",30775,443,321
1776669175,2026-04-20T07:12:55Z,AFL010,"56.70673,35.481354",30825,446,322
1776669178,2026-04-20T07:12:58Z,AFL010,"56.709755,35.477173",30850,260,322
1776669180,2026-04-20T07:13:00Z,AFL010,"56.713154,35.472179",30900,290,319
1776669182,2026-04-20T07:13:02Z,AFL010,"56.716511,35.46722",30925,439,319
1776669184,2026-04-20T07:13:04Z,AFL010,"56.719814,35.462467",30950,441,320
1776669186,2026-04-20T07:13:06Z,AFL010,"56.723061,35.457672",30975,442,320
1776669188,2026-04-20T07:13:08Z,AFL010,"56.726795,35.452427",31025,447,321
1776669190,2026-04-20T07:13:10Z,AFL010,"56.73037,35.447826",31050,450,322
1776669192,2026-04-20T07:13:12Z,AFL010,"56.734318,35.4426",31075,452,323
1776669195,2026-04-20T07:13:15Z,AFL010,"56.737228,35.438686",31125,447,323
1776669197,2026-04-20T07:13:17Z,AFL010,"56.740974,35.433052",31150,439,320
1776669199,2026-04-20T07:13:19Z,AFL010,"56.744404,35.428028",31175,441,320
1776669201,2026-04-20T07:13:21Z,AFL010,"56.748703,35.421516",31225,447,320
1776669204,2026-04-20T07:13:24Z,AFL010,"56.752159,35.41658",31250,449,321
1776669206,2026-04-20T07:13:26Z,AFL010,"56.7556,35.411957",31300,451,322
1776669208,2026-04-20T07:13:28Z,AFL010,"56.759537,35.406845",31325,450,323
1776669210,2026-04-20T07:13:30Z,AFL010,"56.762516,35.402782",31375,230,298
1776669212,2026-04-20T07:13:32Z,AFL010,"56.766258,35.397316",31400,453,322
1776669214,2026-04-20T07:13:34Z,AFL010,"56.769798,35.392132",31450,450,321
1776669216,2026-04-20T07:13:36Z,AFL010,"56.773182,35.387177",31500,449,321
1776669219,2026-04-20T07:13:39Z,AFL010,"56.776451,35.382511",31525,447,321
1776669221,2026-04-20T07:13:41Z,AFL010,"56.780514,35.376911",31575,450,322
1776669223,2026-04-20T07:13:43Z,AFL010,"56.783882,35.372192",31600,450,322
1776669225,2026-04-20T07:13:45Z,AFL010,"56.787373,35.367279",31650,452,322
1776669227,2026-04-20T07:13:47Z,AFL010,"56.790749,35.36245",31675,452,322
1776669229,2026-04-20T07:13:49Z,AFL010,"56.794147,35.357643",31700,455,322
1776669231,2026-04-20T07:13:51Z,AFL010,"56.797745,35.352554",31725,451,322
1776669233,2026-04-20T07:13:53Z,AFL010,"56.801044,35.347843",31775,448,322
1776669235,2026-04-20T07:13:55Z,AFL010,"56.804661,35.34256",31800,452,321
1776669238,2026-04-20T07:13:58Z,AFL010,"56.808052,35.337669",31850,451,321
1776669240,2026-04-20T07:14:00Z,AFL010,"56.811665,35.332531",31875,450,321
1776669272,2026-04-20T07:14:32Z,AFL010,"56.864658,35.257271",32000,457,322
1776669304,2026-04-20T07:15:04Z,AFL010,"56.918266,35.180454",32000,454,321
1776669337,2026-04-20T07:15:37Z,AFL010,"56.971161,35.103676",32000,448,321
1776669369,2026-04-20T07:16:09Z,AFL010,"57.023731,35.028145",32000,450,321
1776669401,2026-04-20T07:16:41Z,AFL010,"57.076496,34.952091",32000,452,321
1776669432,2026-04-20T07:17:12Z,AFL010,"57.127682,34.877758",32050,200,323
1776669464,2026-04-20T07:17:44Z,AFL010,"57.180248,34.801102",32050,448,322
1776669496,2026-04-20T07:18:16Z,AFL010,"57.232201,34.725342",32050,453,321
1776669523,2026-04-20T07:18:43Z,AFL010,"57.276951,34.659325",32025,453,321
1776669525,2026-04-20T07:18:45Z,AFL010,"57.280064,34.654934",32025,453,322
1776669527,2026-04-20T07:18:47Z,AFL010,"57.283531,34.649837",32025,453,321
1776669529,2026-04-20T07:18:49Z,AFL010,"57.287151,34.644657",32025,452,321
1776669531,2026-04-20T07:18:51Z,AFL010,"57.290394,34.639843",32025,451,321
1776669563,2026-04-20T07:19:23Z,AFL010,"57.342148,34.563435",32000,451,321
1776669568,2026-04-20T07:19:28Z,AFL010,"57.350639,34.550968",32000,380,322
1776669571,2026-04-20T07:19:31Z,AFL010,"57.354469,34.545158",32000,170,324
1776669573,2026-04-20T07:19:33Z,AFL010,"57.357658,34.540497",32000,455,321
1776669575,2026-04-20T07:19:35Z,AFL010,"57.361092,34.535454",32000,453,321
1776669582,2026-04-20T07:19:42Z,AFL010,"57.373688,34.516548",31975,430,320
1776669584,2026-04-20T07:19:44Z,AFL010,"57.376534,34.512577",32000,270,322
1776669586,2026-04-20T07:19:46Z,AFL010,"57.379734,34.507641",31975,461,321
1776669589,2026-04-20T07:19:49Z,AFL010,"57.383419,34.502075",31975,450,321
1776669591,2026-04-20T07:19:51Z,AFL010,"57.386402,34.497581",31975,449,320
1776669593,2026-04-20T07:19:53Z,AFL010,"57.389721,34.492565",31975,451,320
1776669595,2026-04-20T07:19:55Z,AFL010,"57.393135,34.487564",31975,451,321
1776669597,2026-04-20T07:19:57Z,AFL010,"57.396713,34.482254",31975,450,321
1776669599,2026-04-20T07:19:59Z,AFL010,"57.400143,34.477188",31975,300,322
1776669601,2026-04-20T07:20:01Z,AFL010,"57.403519,34.472137",31975,449,321
1776669610,2026-04-20T07:20:10Z,AFL010,"57.41692,34.450657",31975,350,313
1776669612,2026-04-20T07:20:12Z,AFL010,"57.421295,34.445648",31975,380,323
1776669614,2026-04-20T07:20:14Z,AFL010,"57.424435,34.44104",31975,457,321
1776669616,2026-04-20T07:20:16Z,AFL010,"57.42757,34.436356",31975,451,321
1776669618,2026-04-20T07:20:18Z,AFL010,"57.431171,34.430954",31975,451,321
1776669620,2026-04-20T07:20:20Z,AFL010,"57.434547,34.425968",31975,451,321
1776669623,2026-04-20T07:20:23Z,AFL010,"57.438019,34.42067",31975,444,321
1776669625,2026-04-20T07:20:25Z,AFL010,"57.441353,34.415695",31975,449,320
1776669627,2026-04-20T07:20:27Z,AFL010,"57.444588,34.410683",31975,449,320
1776669629,2026-04-20T07:20:29Z,AFL010,"57.447941,34.405701",31975,450,320
1776669631,2026-04-20T07:20:31Z,AFL010,"57.451355,34.400578",31975,455,320
1776669633,2026-04-20T07:20:33Z,AFL010,"57.454754,34.395496",31975,451,321
1776669635,2026-04-20T07:20:35Z,AFL010,"57.458317,34.390385",31975,448,321
1776669637,2026-04-20T07:20:37Z,AFL010,"57.461758,34.385437",31950,444,322
1776669639,2026-04-20T07:20:39Z,AFL010,"57.464951,34.380585",31975,450,321
1776669652,2026-04-20T07:20:52Z,AFL010,"57.484577,34.351074",31950,428,320
1776669654,2026-04-20T07:20:54Z,AFL010,"57.488506,34.345623",31950,461,322
1776669656,2026-04-20T07:20:56Z,AFL010,"57.491688,34.34079",31950,450,321
1776669658,2026-04-20T07:20:58Z,AFL010,"57.494919,34.335682",31950,455,320
1776669660,2026-04-20T07:21:00Z,AFL010,"57.498329,34.330326",31950,457,319
1776669662,2026-04-20T07:21:02Z,AFL010,"57.501778,34.325054",31950,463,320
1776669664,2026-04-20T07:21:04Z,AFL010,"57.504669,34.320831",31975,449,321
1776669666,2026-04-20T07:21:06Z,AFL010,"57.508045,34.315811",31975,442,321
1776669668,2026-04-20T07:21:08Z,AFL010,"57.511131,34.311226",31975,440,321
1776669670,2026-04-20T07:21:10Z,AFL010,"57.514549,34.306175",31950,454,321
1776669672,2026-04-20T07:21:12Z,AFL010,"57.517994,34.301037",31950,455,321
1776669674,2026-04-20T07:21:14Z,AFL010,"57.521385,34.295925",31950,450,321
1776669676,2026-04-20T07:21:16Z,AFL010,"57.525188,34.290367",31975,456,321
1776669695,2026-04-20T07:21:35Z,AFL010,"57.555458,34.245018",31975,120,311
1776669697,2026-04-20T07:21:37Z,AFL010,"57.558517,34.240723",31975,340,325
1776669699,2026-04-20T07:21:39Z,AFL010,"57.561443,34.236134",31975,180,319
1776669701,2026-04-20T07:21:41Z,AFL010,"57.56546,34.229988",31975,290,316
1776669703,2026-04-20T07:21:43Z,AFL010,"57.569855,34.223843",31975,450,323
1776669705,2026-04-20T07:21:45Z,AFL010,"57.572029,34.220074",31975,330,319
1776669707,2026-04-20T07:21:47Z,AFL010,"57.575649,34.21497",31975,421,320
1776669709,2026-04-20T07:21:49Z,AFL010,"57.578163,34.21101",31975,180,315
1776669711,2026-04-20T07:21:51Z,AFL010,"57.581654,34.206028",31975,200,316
1776669714,2026-04-20T07:21:54Z,AFL010,"57.584732,34.201298",31975,250,321
1776669716,2026-04-20T07:21:56Z,AFL010,"57.588299,34.196037",31975,300,318
1776669718,2026-04-20T07:21:58Z,AFL010,"57.591595,34.1912",31975,230,320
1776669720,2026-04-20T07:22:00Z,AFL010,"57.594749,34.186382",31975,448,320
1776669722,2026-04-20T07:22:02Z,AFL010,"57.5979,34.18148",31975,240,318
1776669724,2026-04-20T07:22:04Z,AFL010,"57.601814,34.175755",32000,200,320
1776669726,2026-04-20T07:22:06Z,AFL010,"57.605591,34.170494",32000,130,327
1776669728,2026-04-20T07:22:08Z,AFL010,"57.608822,34.16523",32000,240,319
1776669730,2026-04-20T07:22:10Z,AFL010,"57.612572,34.159889",32000,457,321
1776669735,2026-04-20T07:22:15Z,AFL010,"57.620342,34.148342",32000,470,321
1776669738,2026-04-20T07:22:18Z,AFL010,"57.62447,34.141773",32000,310,319
1776669742,2026-04-20T07:22:22Z,AFL010,"57.630917,34.132404",32000,400,322
1776669744,2026-04-20T07:22:24Z,AFL010,"57.633785,34.127945",32000,180,322
1776669746,2026-04-20T07:22:26Z,AFL010,"57.63736,34.122608",32000,451,321
1776669748,2026-04-20T07:22:28Z,AFL010,"57.640919,34.116913",32000,350,318
1776669750,2026-04-20T07:22:30Z,AFL010,"57.644169,34.112179",32000,260,323
1776669752,2026-04-20T07:22:32Z,AFL010,"57.64806,34.105965",32000,360,317
1776669754,2026-04-20T07:22:34Z,AFL010,"57.651001,34.101971",32000,270,319
1776669757,2026-04-20T07:22:37Z,AFL010,"57.654114,34.097095",32000,417,319
1776669759,2026-04-20T07:22:39Z,AFL010,"57.657551,34.091782",32000,300,320
1776669761,2026-04-20T07:22:41Z,AFL010,"57.660858,34.087112",31975,250,325
1776669763,2026-04-20T07:22:43Z,AFL010,"57.664879,34.080982",32000,330,320
1776669765,2026-04-20T07:22:45Z,AFL010,"57.667892,34.07634",32000,441,322
1776669767,2026-04-20T07:22:47Z,AFL010,"57.671761,34.070511",32000,447,321
1776669769,2026-04-20T07:22:49Z,AFL010,"57.674885,34.065582",32000,130,324
1776669771,2026-04-20T07:22:51Z,AFL010,"57.677994,34.060661",32000,270,317
1776669773,2026-04-20T07:22:53Z,AFL010,"57.681568,34.055569",32000,310,322
1776669776,2026-04-20T07:22:56Z,AFL010,"57.684643,34.050964",31975,240,321
1776669778,2026-04-20T07:22:58Z,AFL010,"57.68853,34.045036",31975,461,321
1776669780,2026-04-20T07:23:00Z,AFL010,"57.691818,34.039845",32000,440,320
1776669782,2026-04-20T07:23:02Z,AFL010,"57.695324,34.034637",31975,452,320
1776669784,2026-04-20T07:23:04Z,AFL010,"57.69849,34.029839",31975,446,320
1776669787,2026-04-20T07:23:07Z,AFL010,"57.702297,34.024052",31975,443,320
1776669789,2026-04-20T07:23:09Z,AFL010,"57.705933,34.018688",32000,300,322
1776669791,2026-04-20T07:23:11Z,AFL010,"57.708771,34.01405",31975,418,317
1776669793,2026-04-20T07:23:13Z,AFL010,"57.712204,34.008995",32000,448,320
1776669795,2026-04-20T07:23:15Z,AFL010,"57.715416,34.003735",31975,409,314
1776669797,2026-04-20T07:23:17Z,AFL010,"57.71888,33.998432",31975,435,319
1776669799,2026-04-20T07:23:19Z,AFL010,"57.721855,33.99403",31975,442,320
1776669801,2026-04-20T07:23:21Z,AFL010,"57.724258,33.992229",31975,230,348
1776669803,2026-04-20T07:23:23Z,AFL010,"57.727329,33.986065",31975,110,1
1776669805,2026-04-20T07:23:25Z,AFL010,"57.731777,33.979122",32000,330,351
1776669807,2026-04-20T07:23:27Z,AFL010,"57.734673,33.975246",31975,180,5
1776669809,2026-04-20T07:23:29Z,AFL010,"57.738647,33.968109",31975,280,308
1776669811,2026-04-20T07:23:31Z,AFL010,"57.741478,33.963654",31975,260,317
1776669813,2026-04-20T07:23:33Z,AFL010,"57.744934,33.96096",31975,250,335
1776669815,2026-04-20T07:23:35Z,AFL010,"57.748455,33.954239",31975,526,337
1776669817,2026-04-20T07:23:37Z,AFL010,"57.751564,33.948868",31975,479,323
1776669820,2026-04-20T07:23:40Z,AFL010,"57.754936,33.944138",31975,462,323
1776669822,2026-04-20T07:23:42Z,AFL010,"57.758198,33.938984",31975,462,321
1776669824,2026-04-20T07:23:44Z,AFL010,"57.761574,33.933971",31975,412,326
1776669826,2026-04-20T07:23:46Z,AFL010,"57.765156,33.928211",31975,370,330
1776669828,2026-04-20T07:23:48Z,AFL010,"57.768768,33.922569",32000,443,319
1776669830,2026-04-20T07:23:50Z,AFL010,"57.7719,33.918064",31975,456,321
1776669832,2026-04-20T07:23:52Z,AFL010,"57.775265,33.913021",31975,455,321
1776669834,2026-04-20T07:23:54Z,AFL010,"57.778542,33.90728",32000,220,307
1776669836,2026-04-20T07:23:56Z,AFL010,"57.782318,33.901955",32000,418,317
1776669838,2026-04-20T07:23:58Z,AFL010,"57.785656,33.896786",32000,446,319
1776669840,2026-04-20T07:24:00Z,AFL010,"57.788849,33.892342",32000,455,321
1776669843,2026-04-20T07:24:03Z,AFL010,"57.792191,33.88736",32000,450,321
1776669845,2026-04-20T07:24:05Z,AFL010,"57.796104,33.880657",32000,400,315
1776669847,2026-04-20T07:24:07Z,AFL010,"57.798496,33.875828",32000,457,321
1776669849,2026-04-20T07:24:09Z,AFL010,"57.80209,33.870739",32000,448,321
1776669851,2026-04-20T07:24:11Z,AFL010,"57.805672,33.86607",32025,450,323
1776669853,2026-04-20T07:24:13Z,AFL010,"57.809391,33.860935",32025,458,323
1776669855,2026-04-20T07:24:15Z,AFL010,"57.812302,33.855843",32025,454,320
1776669857,2026-04-20T07:24:17Z,AFL010,"57.815506,33.850025",32025,457,318
1776669859,2026-04-20T07:24:19Z,AFL010,"57.818935,33.845894",32025,399,310
1776669861,2026-04-20T07:24:21Z,AFL010,"57.822556,33.840935",32025,455,322
1776669863,2026-04-20T07:24:23Z,AFL010,"57.826084,33.83564",32025,458,321
1776669865,2026-04-20T07:24:25Z,AFL010,"57.829273,33.83075",32025,456,321
1776669867,2026-04-20T07:24:27Z,AFL010,"57.832554,33.825443",32025,230,316
1776669870,2026-04-20T07:24:30Z,AFL010,"57.836243,33.820206",32025,463,326
1776669872,2026-04-20T07:24:32Z,AFL010,"57.839424,33.815151",32050,445,321
1776669874,2026-04-20T07:24:34Z,AFL010,"57.842976,33.809628",32025,452,320
1776669876,2026-04-20T07:24:36Z,AFL010,"57.84642,33.80407",32050,453,319
1776669878,2026-04-20T07:24:38Z,AFL010,"57.850719,33.797119",32050,448,319
1776669880,2026-04-20T07:24:40Z,AFL010,"57.85339,33.793388",32050,456,321
1776669882,2026-04-20T07:24:42Z,AFL010,"57.856499,33.788216",32050,456,320
1776669884,2026-04-20T07:24:44Z,AFL010,"57.860252,33.782631",32050,454,320
1776669886,2026-04-20T07:24:46Z,AFL010,"57.863537,33.77766",32050,443,321
1776669889,2026-04-20T07:24:49Z,AFL010,"57.866619,33.7728",32050,447,320
1776669891,2026-04-20T07:24:51Z,AFL010,"57.869797,33.767487",32050,448,319
1776669893,2026-04-20T07:24:53Z,AFL010,"57.873165,33.762371",32050,456,320
1776669895,2026-04-20T07:24:55Z,AFL010,"57.876667,33.757004",32050,451,320
1776669897,2026-04-20T07:24:57Z,AFL010,"57.880005,33.752346",32050,449,321
1776669899,2026-04-20T07:24:59Z,AFL010,"57.883614,33.746883",32050,451,321
1776669901,2026-04-20T07:25:01Z,AFL010,"57.886765,33.741638",32050,454,320
1776669903,2026-04-20T07:25:03Z,AFL010,"57.889996,33.736439",32050,453,319
1776669905,2026-04-20T07:25:05Z,AFL010,"57.893059,33.731346",32050,447,318
1776669907,2026-04-20T07:25:07Z,AFL010,"57.896221,33.726334",32050,442,319
1776669909,2026-04-20T07:25:09Z,AFL010,"57.89978,33.721428",32050,451,321
1776669911,2026-04-20T07:25:11Z,AFL010,"57.903221,33.716511",32050,451,321
1776669913,2026-04-20T07:25:13Z,AFL010,"57.906734,33.711494",32050,453,322
1776669915,2026-04-20T07:25:15Z,AFL010,"57.90992,33.70623",32050,447,320
1776669917,2026-04-20T07:25:17Z,AFL010,"57.91288,33.701397",32050,446,319
1776669919,2026-04-20T07:25:19Z,AFL010,"57.916176,33.696384",32025,446,320
1776669921,2026-04-20T07:25:21Z,AFL010,"57.919483,33.691387",32025,448,320
1776669924,2026-04-20T07:25:24Z,AFL010,"57.922737,33.686401",32025,450,321
1776669926,2026-04-20T07:25:26Z,AFL010,"57.926369,33.681641",32025,450,323
1776669928,2026-04-20T07:25:28Z,AFL010,"57.929626,33.6768",32025,448,322
1776669930,2026-04-20T07:25:30Z,AFL010,"57.933037,33.671787",32025,452,322
1776669932,2026-04-20T07:25:32Z,AFL010,"57.936169,33.66666",32025,448,320
1776669934,2026-04-20T07:25:34Z,AFL010,"57.93961,33.661472",32025,451,321
1776669936,2026-04-20T07:25:36Z,AFL010,"57.943268,33.656063",32025,449,321
1776669938,2026-04-20T07:25:38Z,AFL010,"57.946503,33.65107",32025,446,321
1776669940,2026-04-20T07:25:40Z,AFL010,"57.949837,33.646255",32025,447,321
1776669942,2026-04-20T07:25:42Z,AFL010,"57.953381,33.641266",32025,453,322
1776669944,2026-04-20T07:25:44Z,AFL010,"57.957077,33.63559",32025,449,321
1776669946,2026-04-20T07:25:46Z,AFL010,"57.960068,33.63105",32025,449,321
1776669951,2026-04-20T07:25:51Z,AFL010,"57.966732,33.620991",32025,450,320
1776669953,2026-04-20T07:25:53Z,AFL010,"57.970047,33.615589",32000,444,319
1776669955,2026-04-20T07:25:55Z,AFL010,"57.973354,33.610794",32000,449,321
1776669957,2026-04-20T07:25:57Z,AFL010,"57.976734,33.605385",32000,449,320
1776669959,2026-04-20T07:25:59Z,AFL010,"57.979843,33.600658",32000,451,320
1776669969,2026-04-20T07:26:09Z,AFL010,"57.996094,33.575653",31975,443,319
1776669971,2026-04-20T07:26:11Z,AFL010,"57.999752,33.570362",31975,452,321
1776669973,2026-04-20T07:26:13Z,AFL010,"58.003101,33.56546",31975,454,321
1776669975,2026-04-20T07:26:15Z,AFL010,"58.006531,33.560223",31975,450,321
1776669977,2026-04-20T07:26:17Z,AFL010,"58.009762,33.555233",31975,451,320
1776669979,2026-04-20T07:26:19Z,AFL010,"58.013115,33.550201",31975,448,321
1776669981,2026-04-20T07:26:21Z,AFL010,"58.016361,33.545006",31975,448,320
1776669983,2026-04-20T07:26:23Z,AFL010,"58.019672,33.54007",31975,448,321
1776669985,2026-04-20T07:26:25Z,AFL010,"58.022945,33.535046",31975,451,320
1776669988,2026-04-20T07:26:28Z,AFL010,"58.026123,33.529739",31975,448,319
1776669990,2026-04-20T07:26:30Z,AFL010,"58.029724,33.524658",31975,450,321
1776669992,2026-04-20T07:26:32Z,AFL010,"58.033146,33.519394",31975,451,321
1776669994,2026-04-20T07:26:34Z,AFL010,"58.036442,33.51424",31975,449,320
1776669996,2026-04-20T07:26:36Z,AFL010,"58.039738,33.509048",31975,446,320
1776669998,2026-04-20T07:26:38Z,AFL010,"58.043198,33.50375",31975,450,320
1776670000,2026-04-20T07:26:40Z,AFL010,"58.046551,33.498875",31975,450,321
1776670002,2026-04-20T07:26:42Z,AFL010,"58.049828,33.493694",31975,450,320
1776670004,2026-04-20T07:26:44Z,AFL010,"58.053078,33.488628",31975,451,320
1776670006,2026-04-20T07:26:46Z,AFL010,"58.056572,33.483555",31975,448,321
1776670008,2026-04-20T07:26:48Z,AFL010,"58.060001,33.478405",31975,449,321
1776670011,2026-04-20T07:26:51Z,AFL010,"58.063396,33.472954",31975,444,320
1776670013,2026-04-20T07:26:53Z,AFL010,"58.067127,33.467304",31975,452,321
1776670015,2026-04-20T07:26:55Z,AFL010,"58.070366,33.462795",31975,455,322
1776670017,2026-04-20T07:26:57Z,AFL010,"58.07373,33.457245",31975,451,320
1776670021,2026-04-20T07:27:01Z,AFL010,"58.080391,33.447529",31975,449,322
1776670023,2026-04-20T07:27:03Z,AFL010,"58.083588,33.442482",31975,448,321
1776670025,2026-04-20T07:27:05Z,AFL010,"58.087246,33.436924",31975,448,321
1776670027,2026-04-20T07:27:07Z,AFL010,"58.090321,33.432343",31975,451,321
1776670029,2026-04-20T07:27:09Z,AFL010,"58.093613,33.426987",31975,453,320
1776670032,2026-04-20T07:27:12Z,AFL010,"58.097511,33.420891",31975,448,320
1776670034,2026-04-20T07:27:14Z,AFL010,"58.10059,33.416237",31975,450,320
1776670036,2026-04-20T07:27:16Z,AFL010,"58.103954,33.411171",31975,450,321
1776670038,2026-04-20T07:27:18Z,AFL010,"58.107098,33.406101",31975,449,320
1776670040,2026-04-20T07:27:20Z,AFL010,"58.110558,33.401062",31975,454,321
1776670042,2026-04-20T07:27:22Z,AFL010,"58.113823,33.395573",31975,451,319
1776670044,2026-04-20T07:27:24Z,AFL010,"58.117523,33.39043",31975,453,322
1776670046,2026-04-20T07:27:26Z,AFL010,"58.1208,33.385086",32000,448,320
1776670048,2026-04-20T07:27:28Z,AFL010,"58.124043,33.380196",32000,451,320
1776670050,2026-04-20T07:27:30Z,AFL010,"58.127281,33.375206",32000,449,320
1776670052,2026-04-20T07:27:32Z,AFL010,"58.130699,33.369846",32000,447,320
1776670054,2026-04-20T07:27:34Z,AFL010,"58.134228,33.364494",32000,447,320
1776670057,2026-04-20T07:27:37Z,AFL010,"58.137413,33.359398",32000,450,320
1776670059,2026-04-20T07:27:39Z,AFL010,"58.140766,33.354237",32000,449,320
1776670061,2026-04-20T07:27:41Z,AFL010,"58.14436,33.348785",32000,450,321
1776670063,2026-04-20T07:27:43Z,AFL010,"58.147732,33.343651",32000,452,321
1776670065,2026-04-20T07:27:45Z,AFL010,"58.150864,33.338303",32000,450,318
1776670067,2026-04-20T07:27:47Z,AFL010,"58.154152,33.333172",32000,446,319
1776670069,2026-04-20T07:27:49Z,AFL010,"58.157436,33.328186",32000,451,320
1776670071,2026-04-20T07:27:51Z,AFL010,"58.160744,33.323063",32000,451,320
1776670073,2026-04-20T07:27:53Z,AFL010,"58.164234,33.31802",32000,454,322
1776670075,2026-04-20T07:27:55Z,AFL010,"58.16753,33.312923",32000,450,320
1776670077,2026-04-20T07:27:57Z,AFL010,"58.17086,33.307835",32000,450,321
1776670079,2026-04-20T07:27:59Z,AFL010,"58.174232,33.302761",32000,449,321
1776670081,2026-04-20T07:28:01Z,AFL010,"58.177456,33.297501",32000,450,319
1776670083,2026-04-20T07:28:03Z,AFL010,"58.180725,33.292252",32000,449,319
1776670085,2026-04-20T07:28:05Z,AFL010,"58.184105,33.287212",32000,448,321
1776670088,2026-04-20T07:28:08Z,AFL010,"58.187115,33.282261",32000,449,320
1776670090,2026-04-20T07:28:10Z,AFL010,"58.190544,33.277126",32000,452,320
1776670092,2026-04-20T07:28:12Z,AFL010,"58.193863,33.272301",32000,448,321
1776670094,2026-04-20T07:28:14Z,AFL010,"58.197151,33.26704",32000,451,320
1776670096,2026-04-20T07:28:16Z,AFL010,"58.200397,33.262051",32000,451,320
1776670098,2026-04-20T07:28:18Z,AFL010,"58.203594,33.25676",32000,449,319
1776670100,2026-04-20T07:28:20Z,AFL010,"58.206924,33.25169",32000,450,320
1776670102,2026-04-20T07:28:22Z,AFL010,"58.210636,33.245808",32000,452,320
1776670104,2026-04-20T07:28:24Z,AFL010,"58.213997,33.241043",32000,450,321
1776670106,2026-04-20T07:28:26Z,AFL010,"58.21751,33.23555",32000,454,320
1776670108,2026-04-20T07:28:28Z,AFL010,"58.220665,33.230572",32000,452,320
1776670140,2026-04-20T07:29:00Z,AFL010,"58.270893,33.152554",32000,450,320
1776670173,2026-04-20T07:29:33Z,AFL010,"58.324181,33.069435",32000,452,320
1776670202,2026-04-20T07:30:02Z,AFL010,"58.371078,32.995605",32000,450,319
1776670204,2026-04-20T07:30:04Z,AFL010,"58.374317,32.990543",32000,449,320
1776670206,2026-04-20T07:30:06Z,AFL010,"58.377682,32.985039",32000,452,319
1776670208,2026-04-20T07:30:08Z,AFL010,"58.381084,32.979534",32000,452,319
1776670211,2026-04-20T07:30:11Z,AFL010,"58.384972,32.973606",32000,451,320
1776670213,2026-04-20T07:30:13Z,AFL010,"58.388351,32.968182",32000,456,320
1776670215,2026-04-20T07:30:15Z,AFL010,"58.391708,32.962975",32000,448,320
1776670217,2026-04-20T07:30:17Z,AFL010,"58.395092,32.957928",32000,447,321
1776670221,2026-04-20T07:30:21Z,AFL010,"58.40181,32.947327",32000,451,320
1776670223,2026-04-20T07:30:23Z,AFL010,"58.405167,32.942192",32000,450,321
1776670225,2026-04-20T07:30:25Z,AFL010,"58.408581,32.936874",32000,454,320
1776670227,2026-04-20T07:30:27Z,AFL010,"58.41201,32.931728",32000,449,321
1776670229,2026-04-20T07:30:29Z,AFL010,"58.415318,32.926304",32000,453,320
1776670260,2026-04-20T07:31:00Z,AFL010,"58.465282,32.847973",32000,455,320
1776670291,2026-04-20T07:31:31Z,AFL010,"58.514927,32.769482",32000,450,320
1776670323,2026-04-20T07:32:03Z,AFL010,"58.56509,32.689751",32000,449,320
1776670354,2026-04-20T07:32:34Z,AFL010,"58.614834,32.6105",32025,450,320
1776670385,2026-04-20T07:33:05Z,AFL010,"58.664772,32.531208",32025,452,320
1776670416,2026-04-20T07:33:36Z,AFL010,"58.714108,32.450066",32025,454,316
1776670425,2026-04-20T07:33:45Z,AFL010,"58.725826,32.426277",31975,454,312
1776670427,2026-04-20T07:33:47Z,AFL010,"58.728848,32.419628",31950,452,311
1776670429,2026-04-20T07:33:49Z,AFL010,"58.731628,32.413258",31900,461,310
1776670431,2026-04-20T07:33:51Z,AFL010,"58.734463,32.406555",31825,459,309
1776670433,2026-04-20T07:33:53Z,AFL010,"58.737476,32.399452",31750,460,309
1776670435,2026-04-20T07:33:55Z,AFL010,"58.7402,32.393135",31625,456,309
1776670437,2026-04-20T07:33:57Z,AFL010,"58.743027,32.386364",31525,465,308
1776670439,2026-04-20T07:33:59Z,AFL010,"58.745857,32.379791",31425,463,309
1776670441,2026-04-20T07:34:01Z,AFL010,"58.748493,32.373524",31325,460,309
1776670443,2026-04-20T07:34:03Z,AFL010,"58.75153,32.366199",31225,463,308
1776670445,2026-04-20T07:34:05Z,AFL010,"58.754234,32.359814",31150,460,309
1776670447,2026-04-20T07:34:07Z,AFL010,"58.756901,32.353497",31050,456,309
1776670479,2026-04-20T07:34:39Z,AFL010,"58.797962,32.255501",30000,447,308
1776670510,2026-04-20T07:35:10Z,AFL010,"58.83839,32.158829",28900,434,308
1776670541,2026-04-20T07:35:41Z,AFL010,"58.877735,32.065311",28100,437,308
1776670572,2026-04-20T07:36:12Z,AFL010,"58.916843,31.971777",27625,436,309
1776670603,2026-04-20T07:36:43Z,AFL010,"58.955368,31.878954",27100,425,308
1776670634,2026-04-20T07:37:14Z,AFL010,"58.993118,31.787592",26475,421,308
1776670665,2026-04-20T07:37:45Z,AFL010,"59.031033,31.695507",25425,418,309
1776670697,2026-04-20T07:38:17Z,AFL010,"59.068233,31.604706",24375,410,308
1776670727,2026-04-20T07:38:47Z,AFL010,"59.104103,31.516697",23300,406,308
1776670758,2026-04-20T07:39:18Z,AFL010,"59.139809,31.42898",22475,394,308
1776670789,2026-04-20T07:39:49Z,AFL010,"59.174587,31.343166",21975,382,308
1776670821,2026-04-20T07:40:21Z,AFL010,"59.208572,31.259403",21500,380,308
1776670852,2026-04-20T07:40:52Z,AFL010,"59.242523,31.175135",20225,389,307
1776670884,2026-04-20T07:41:24Z,AFL010,"59.277695,31.087322",18900,387,308
1776670890,2026-04-20T07:41:30Z,AFL010,"59.284557,31.069912",18650,390,308
1776670892,2026-04-20T07:41:32Z,AFL010,"59.286819,31.064238",18575,390,308
1776670898,2026-04-20T07:41:38Z,AFL010,"59.293686,31.046921",18350,392,307
1776670904,2026-04-20T07:41:44Z,AFL010,"59.300354,31.030005",18125,396,306
1776670906,2026-04-20T07:41:46Z,AFL010,"59.302605,31.024345",18075,392,307
1776670908,2026-04-20T07:41:48Z,AFL010,"59.304886,31.018707",18000,387,308
1776670910,2026-04-20T07:41:50Z,AFL010,"59.307045,31.013569",17925,380,308
1776670912,2026-04-20T07:41:52Z,AFL010,"59.309273,31.008129",17875,378,308
1776670914,2026-04-20T07:41:54Z,AFL010,"59.311478,31.002142",17800,391,306
1776670916,2026-04-20T07:41:56Z,AFL010,"59.31377,30.996483",17725,386,307
1776670918,2026-04-20T07:41:58Z,AFL010,"59.316048,30.990816",17675,387,307
1776670923,2026-04-20T07:42:03Z,AFL010,"59.320576,30.979603",17525,378,308
1776670925,2026-04-20T07:42:05Z,AFL010,"59.322853,30.973795",17450,385,307
1776670927,2026-04-20T07:42:07Z,AFL010,"59.325016,30.968374",17400,381,307
1776670929,2026-04-20T07:42:09Z,AFL010,"59.327229,30.963053",17325,376,308
1776670931,2026-04-20T07:42:11Z,AFL010,"59.329514,30.957468",17250,376,308
1776670964,2026-04-20T07:42:44Z,AFL010,"59.364826,30.868782",16125,375,307
1776670995,2026-04-20T07:43:15Z,AFL010,"59.397583,30.786062",15200,368,307
1776671026,2026-04-20T07:43:46Z,AFL010,"59.429523,30.703543",14225,361,307
1776671057,2026-04-20T07:44:17Z,AFL010,"59.460949,30.622921",13250,354,307
1776671088,2026-04-20T07:44:48Z,AFL010,"59.491745,30.543528",12225,350,306
1776671120,2026-04-20T07:45:20Z,AFL010,"59.522495,30.465849",11325,345,309
1776671124,2026-04-20T07:45:24Z,AFL010,"59.52626,30.455688",11200,341,305
1776671126,2026-04-20T07:45:26Z,AFL010,"59.52816,30.450489",11150,343,305
1776671128,2026-04-20T07:45:28Z,AFL010,"59.530136,30.445507",11075,347,307
1776671130,2026-04-20T07:45:30Z,AFL010,"59.532131,30.440556",11025,346,307
1776671132,2026-04-20T07:45:32Z,AFL010,"59.534283,30.435387",11000,346,308
1776671134,2026-04-20T07:45:34Z,AFL010,"59.536274,30.430239",10950,344,307
1776671136,2026-04-20T07:45:36Z,AFL010,"59.538162,30.425226",10925,339,306
1776671138,2026-04-20T07:45:38Z,AFL010,"59.539879,30.420128",10875,337,305
1776671140,2026-04-20T07:45:40Z,AFL010,"59.541939,30.415112",10850,337,307
1776671142,2026-04-20T07:45:42Z,AFL010,"59.544048,30.409727",10825,337,307
1776671144,2026-04-20T07:45:44Z,AFL010,"59.54591,30.404657",10800,331,306
1776671146,2026-04-20T07:45:46Z,AFL010,"59.54789,30.399567",10750,332,307
1776671149,2026-04-20T07:45:49Z,AFL010,"59.549789,30.394594",10725,332,306
1776671151,2026-04-20T07:45:51Z,AFL010,"59.551586,30.389692",10675,326,306
1776671153,2026-04-20T07:45:53Z,AFL010,"59.553452,30.384985",10625,325,307
1776671155,2026-04-20T07:45:55Z,AFL010,"59.555214,30.380247",10575,322,306
1776671157,2026-04-20T07:45:57Z,AFL010,"59.557148,30.375235",10500,321,306
1776671159,2026-04-20T07:45:59Z,AFL010,"59.559006,30.370586",10450,320,307
1776671161,2026-04-20T07:46:01Z,AFL010,"59.561066,30.365273",10375,321,307
1776671163,2026-04-20T07:46:03Z,AFL010,"59.563099,30.359875",10300,323,307
1776671176,2026-04-20T07:46:16Z,AFL010,"59.574188,30.331823",9900,315,308
1776671190,2026-04-20T07:46:30Z,AFL010,"59.587029,30.299076",9400,313,307
1776671205,2026-04-20T07:46:45Z,AFL010,"59.599567,30.266651",8875,310,307
1776671217,2026-04-20T07:46:57Z,AFL010,"59.610157,30.239344",8450,303,306
1776671232,2026-04-20T07:47:12Z,AFL010,"59.622417,30.20776",7975,304,308
1776671244,2026-04-20T07:47:24Z,AFL010,"59.632988,30.180239",7500,298,307
1776671259,2026-04-20T07:47:39Z,AFL010,"59.645279,30.148489",6950,300,307
1776671271,2026-04-20T07:47:51Z,AFL010,"59.655788,30.121004",6475,292,306
1776671284,2026-04-20T07:48:04Z,AFL010,"59.666492,30.092775",6025,299,307
1776671297,2026-04-20T07:48:17Z,AFL010,"59.67651,30.065536",5650,290,305
1776671311,2026-04-20T07:48:31Z,AFL010,"59.688004,30.034378",5150,289,305
1776671324,2026-04-20T07:48:44Z,AFL010,"59.697926,30.007843",4750,284,307
1776671333,2026-04-20T07:48:53Z,AFL010,"59.704704,29.989956",4475,289,306
1776671339,2026-04-20T07:48:59Z,AFL010,"59.709789,29.976786",4300,284,307
1776671347,2026-04-20T07:49:07Z,AFL010,"59.716572,29.959143",4050,285,307
1776671356,2026-04-20T07:49:16Z,AFL010,"59.723389,29.941605",3800,280,307
1776671364,2026-04-20T07:49:24Z,AFL010,"59.729855,29.924475",3600,277,306
1776671371,2026-04-20T07:49:31Z,AFL010,"59.734837,29.911236",3500,278,306
1776671375,2026-04-20T07:49:35Z,AFL010,"59.738014,29.902897",3475,279,306
1776671377,2026-04-20T07:49:37Z,AFL010,"59.739632,29.898769",3450,274,307
1776671379,2026-04-20T07:49:39Z,AFL010,"59.741211,29.894609",3425,270,307
1776671381,2026-04-20T07:49:41Z,AFL010,"59.742893,29.890047",3400,271,306
1776671383,2026-04-20T07:49:43Z,AFL010,"59.744438,29.885984",3400,270,306
1776671386,2026-04-20T07:49:46Z,AFL010,"59.746014,29.881844",3375,264,307
1776671388,2026-04-20T07:49:48Z,AFL010,"59.747478,29.877993",3325,263,307
1776671390,2026-04-20T07:49:50Z,AFL010,"59.749012,29.873869",3300,261,306
1776671392,2026-04-20T07:49:52Z,AFL010,"59.750767,29.869246",3300,263,306
1776671394,2026-04-20T07:49:54Z,AFL010,"59.752193,29.86525",3275,262,305
1776671396,2026-04-20T07:49:56Z,AFL010,"59.753677,29.861206",3225,261,305
1776671398,2026-04-20T07:49:58Z,AFL010,"59.75515,29.857309",3225,258,306
1776671400,2026-04-20T07:50:00Z,AFL010,"59.756519,29.853666",3225,256,306
1776671402,2026-04-20T07:50:02Z,AFL010,"59.757904,29.849922",3225,252,306
1776671405,2026-04-20T07:50:05Z,AFL010,"59.759453,29.845877",3225,251,306
1776671407,2026-04-20T07:50:07Z,AFL010,"59.761044,29.841949",3200,251,308
1776671409,2026-04-20T07:50:09Z,AFL010,"59.762558,29.837963",3175,249,307
1776671411,2026-04-20T07:50:11Z,AFL010,"59.763988,29.834141",3125,251,306
1776671413,2026-04-20T07:50:13Z,AFL010,"59.765369,29.830376",3100,247,306
1776671415,2026-04-20T07:50:15Z,AFL010,"59.766716,29.826691",3075,244,306
1776671417,2026-04-20T07:50:17Z,AFL010,"59.768356,29.822496",3050,243,307
1776671419,2026-04-20T07:50:19Z,AFL010,"59.769867,29.819025",3000,241,309
1776671421,2026-04-20T07:50:21Z,AFL010,"59.771446,29.815527",2975,249,310
1776671424,2026-04-20T07:50:24Z,AFL010,"59.773067,29.81288",2925,239,315
1776671426,2026-04-20T07:50:26Z,AFL010,"59.774796,29.810228",2875,236,319
1776671428,2026-04-20T07:50:28Z,AFL010,"59.776642,29.807779",2825,234,323
1776671430,2026-04-20T07:50:30Z,AFL010,"59.778625,29.805931",2775,231,328
1776671432,2026-04-20T07:50:32Z,AFL010,"59.780857,29.804102",2725,232,333
1776671434,2026-04-20T07:50:34Z,AFL010,"59.782848,29.803438",2700,216,3
1776671436,2026-04-20T07:50:36Z,AFL010,"59.784977,29.802364",2650,228,347
1776671438,2026-04-20T07:50:38Z,AFL010,"59.787327,29.801857",2625,110,2
1776671440,2026-04-20T07:50:40Z,AFL010,"59.789661,29.801668",2600,247,359
1776671442,2026-04-20T07:50:42Z,AFL010,"59.791798,29.801737",2550,233,358
1776671444,2026-04-20T07:50:44Z,AFL010,"59.793774,29.802441",2525,120,15
1776671447,2026-04-20T07:50:47Z,AFL010,"59.795986,29.803301",2525,217,11
1776671450,2026-04-20T07:50:50Z,AFL010,"59.79892,29.805035",2475,90,63
1776671452,2026-04-20T07:50:52Z,AFL010,"59.802265,29.800743",2425,40,63
1776671454,2026-04-20T07:50:54Z,AFL010,"59.802837,29.807425",2400,60,63
1776671456,2026-04-20T07:50:56Z,AFL010,"59.805382,29.807976",2375,220,347
1776671460,2026-04-20T07:51:00Z,AFL010,"59.807987,29.814688",2325,120,12
1776671462,2026-04-20T07:51:02Z,AFL010,"59.80835,29.819729",2300,196,56
1776671466,2026-04-20T07:51:06Z,AFL010,"59.809792,29.826002",2250,340,111
1776671468,2026-04-20T07:51:08Z,AFL010,"59.811199,29.82793",2250,192,58
1776671471,2026-04-20T07:51:11Z,AFL010,"59.813194,29.833061",2250,270,105
1776671473,2026-04-20T07:51:13Z,AFL010,"59.813778,29.836485",2250,212,67
1776671475,2026-04-20T07:51:15Z,AFL010,"59.814461,29.840816",2250,204,70
1776671478,2026-04-20T07:51:18Z,AFL010,"59.816833,29.840651",2225,110,80
1776671480,2026-04-20T07:51:20Z,AFL010,"59.816364,29.847126",2250,202,66
1776671482,2026-04-20T07:51:22Z,AFL010,"59.817242,29.850849",2225,209,64
1776671484,2026-04-20T07:51:24Z,AFL010,"59.818066,29.854156",2225,203,64
1776671486,2026-04-20T07:51:26Z,AFL010,"59.818935,29.857491",2225,198,63
1776671488,2026-04-20T07:51:28Z,AFL010,"59.819939,29.861191",2225,194,62
1776671490,2026-04-20T07:51:30Z,AFL010,"59.820782,29.864378",2225,193,62
1776671492,2026-04-20T07:51:32Z,AFL010,"59.821751,29.867382",2225,193,59
1776671494,2026-04-20T07:51:34Z,AFL010,"59.822697,29.870359",2225,194,58
1776671497,2026-04-20T07:51:37Z,AFL010,"59.823658,29.873819",2225,193,60
1776671500,2026-04-20T07:51:40Z,AFL010,"59.825291,29.879581",2200,200,110
1776671502,2026-04-20T07:51:42Z,AFL010,"59.823265,29.885744",2200,460,128
1776671505,2026-04-20T07:51:45Z,AFL010,"59.824673,29.895897",2200,580,121
1776671508,2026-04-20T07:51:48Z,AFL010,"59.831287,29.884933",2200,270,325
1776671510,2026-04-20T07:51:50Z,AFL010,"59.826588,29.902092",2200,470,114
1776671516,2026-04-20T07:51:56Z,AFL010,"59.834759,29.898478",2200,160,14
1776671518,2026-04-20T07:51:58Z,AFL010,"59.836014,29.900354",2200,60,15
1776671520,2026-04-20T07:52:00Z,AFL010,"59.836582,29.904053",2200,90,76
1776671522,2026-04-20T07:52:02Z,AFL010,"59.838585,29.904566",2200,150,348
1776671525,2026-04-20T07:52:05Z,AFL010,"59.838913,29.909321",2200,199,68
1776671527,2026-04-20T07:52:07Z,AFL010,"59.839756,29.912754",2225,90,78
1776671529,2026-04-20T07:52:09Z,AFL010,"59.840992,29.914688",2225,180,54
1776671531,2026-04-20T07:52:11Z,AFL010,"59.839237,29.920597",2225,123,27
1776671534,2026-04-20T07:52:14Z,AFL010,"59.840485,29.926716",2225,70,64
1776671536,2026-04-20T07:52:16Z,AFL010,"59.844284,29.924566",2225,420,338
1776671538,2026-04-20T07:52:18Z,AFL010,"59.841591,29.932493",2200,280,136
1776671540,2026-04-20T07:52:20Z,AFL010,"59.841877,29.936602",2200,320,134
1776671543,2026-04-20T07:52:23Z,AFL010,"59.841892,29.939373",2200,150,91
1776671545,2026-04-20T07:52:25Z,AFL010,"59.841656,29.942904",2200,310,141
1776671548,2026-04-20T07:52:28Z,AFL010,"59.841194,29.947746",2200,370,139
1776671551,2026-04-20T07:52:31Z,AFL010,"59.843464,29.94907",2200,20,100
1776671553,2026-04-20T07:52:33Z,AFL010,"59.839863,29.955404",2200,620,142
1776671557,2026-04-20T07:52:37Z,AFL010,"59.839012,29.95962",2200,390,144
1776671560,2026-04-20T07:52:40Z,AFL010,"59.838142,29.964998",2200,370,141
1776671562,2026-04-20T07:52:42Z,AFL010,"59.837654,29.967787",2200,60,100
1776671564,2026-04-20T07:52:44Z,AFL010,"59.837154,29.970421",2200,167,107
1776671566,2026-04-20T07:52:46Z,AFL010,"59.836628,29.974545",2200,160,101
1776671568,2026-04-20T07:52:48Z,AFL010,"59.836124,29.976252",2200,120,109
1776671571,2026-04-20T07:52:51Z,AFL010,"59.835369,29.980997",2200,380,143
1776671573,2026-04-20T07:52:53Z,AFL010,"59.834923,29.983906",2200,186,106
1776671575,2026-04-20T07:52:55Z,AFL010,"59.83448,29.986998",2200,167,106
1776671578,2026-04-20T07:52:58Z,AFL010,"59.833988,29.989927",2200,165,107
1776671580,2026-04-20T07:53:00Z,AFL010,"59.833538,29.992523",2175,154,107
1776671582,2026-04-20T07:53:02Z,AFL010,"59.833073,29.995523",2150,155,107
1776671584,2026-04-20T07:53:04Z,AFL010,"59.832481,29.998592",2100,163,109
1776671586,2026-04-20T07:53:06Z,AFL010,"59.83202,30.001829",2075,166,107
1776671588,2026-04-20T07:53:08Z,AFL010,"59.831505,30.00526",2025,165,107
1776671590,2026-04-20T07:53:10Z,AFL010,"59.831009,30.008142",2000,166,107
1776671593,2026-04-20T07:53:13Z,AFL010,"59.830566,30.010902",1975,162,107
1776671595,2026-04-20T07:53:15Z,AFL010,"59.830036,30.014185",1950,165,107
1776671597,2026-04-20T07:53:17Z,AFL010,"59.829388,30.01853",1925,161,106
1776671599,2026-04-20T07:53:19Z,AFL010,"59.829235,30.020384",1900,110,98
1776671603,2026-04-20T07:53:23Z,AFL010,"59.828281,30.02573",1850,40,108
1776671605,2026-04-20T07:53:25Z,AFL010,"59.827866,30.028503",1800,152,107
1776671607,2026-04-20T07:53:27Z,AFL010,"59.827496,30.031071",1775,147,106
1776671609,2026-04-20T07:53:29Z,AFL010,"59.828175,30.040434",1725,40,104
1776671611,2026-04-20T07:53:31Z,AFL010,"59.827618,30.043428",1700,80,116
1776671615,2026-04-20T07:53:35Z,AFL010,"59.82616,30.040836",1650,144,104
1776671617,2026-04-20T07:53:37Z,AFL010,"59.825733,30.043383",1625,144,107
1776671619,2026-04-20T07:53:39Z,AFL010,"59.825325,30.046108",1600,148,106
1776671621,2026-04-20T07:53:41Z,AFL010,"59.824917,30.049006",1575,80,104
1776671623,2026-04-20T07:53:43Z,AFL010,"59.824524,30.051935",1525,155,105
1776671625,2026-04-20T07:53:45Z,AFL010,"59.824131,30.054598",1500,152,106
1776671627,2026-04-20T07:53:47Z,AFL010,"59.823761,30.057194",1450,145,105
1776671630,2026-04-20T07:53:50Z,AFL010,"59.823341,30.060055",1425,145,105
1776671632,2026-04-20T07:53:52Z,AFL010,"59.822994,30.062632",1400,144,105
1776671634,2026-04-20T07:53:54Z,AFL010,"59.822617,30.065294",1375,143,105
1776671636,2026-04-20T07:53:56Z,AFL010,"59.822144,30.068417",1350,149,106
1776671638,2026-04-20T07:53:58Z,AFL010,"59.821758,30.070978",1325,80,109
1776671644,2026-04-20T07:54:04Z,AFL010,"59.818584,30.083296",1225,330,146
1776671646,2026-04-20T07:54:06Z,AFL010,"59.825466,30.080505",1200,50,106
1776671648,2026-04-20T07:54:08Z,AFL010,"59.825016,30.083523",1175,166,107
1776671650,2026-04-20T07:54:10Z,AFL010,"59.824612,30.086552",1150,169,105
1776671654,2026-04-20T07:54:14Z,AFL010,"59.824245,30.09034",1125,60,94
1776671656,2026-04-20T07:54:16Z,AFL010,"59.823853,30.093672",1075,260,115
1776671659,2026-04-20T07:54:19Z,AFL010,"59.81596,30.101578",1050,210,93
1776671661,2026-04-20T07:54:21Z,AFL010,"59.815449,30.102154",1000,30,103
1776671679,2026-04-20T07:54:39Z,AFL010,"59.819988,30.123114",775,56,212
1776671688,2026-04-20T07:54:48Z,AFL010,"59.818554,30.13512",675,56,140
1776671690,2026-04-20T07:54:50Z,AFL010,"59.818348,30.137749",625,56,110
1776671692,2026-04-20T07:54:52Z,AFL010,"59.818031,30.140095",625,56,101
1776671694,2026-04-20T07:54:54Z,AFL010,"59.817696,30.14315",600,139,102
1776671698,2026-04-20T07:54:58Z,AFL010,"59.811069,30.151161",550,139,148
1776671703,2026-04-20T07:55:03Z,AFL010,"59.816029,30.161938",475,139,112
1776671707,2026-04-20T07:55:07Z,AFL010,"59.81522,30.168556",400,139,93
1776671710,2026-04-20T07:55:10Z,AFL010,"59.814678,30.164656",375,139,118
1776671716,2026-04-20T07:55:16Z,AFL010,"59.807602,30.173332",300,139,82
1776671721,2026-04-20T07:55:21Z,AFL010,"59.812904,30.18527",250,139,48
